name,light_years_from_earth,planet_mass,stellar_magnitude,discovery_date,hyperlink,planet_type,planet_radius,orbital_radius,orbital_period,eccentricity,pl_name,hostname,sy_snum,sy_pnum,discoverymethod,disc_year,disc_facility,pl_controv_flag,pl_orbper,,,,,,,,,,,,,,,,,,,,,,,,,,,,,,,,,,,,,,,,,,,,,,,,,,,,,,,,,,,,,,,,,,,,,,,,,,,,,
,,,,,,,,,,,,,,,,,,,,,,,,,,,,,,,,,,,,,,,,,,,,,,,,,,,,,,,,,,,,,,,,,,,,,,,,,,,,,,,,,,,,,,,,,,,,,,,,
,,,,,,,,,740,-380,0,5.28,0.63,-0.34,0,12.5,,,0,1.12,,,0,3003.37,718.27,-330.53,0,9.45,2.26,-1.04,0,Msini,0,0,0,0,,,,,,,,,0,G8 V,5690,36,-36,0,0.99,0.03,-0.01,0,1.04,0.08,-0.08,0,0.17,0.07,-0.07,0,[Fe/H],4.44,0.1,-0.07,0,23h59m36.21s,359.9008737,-35d01m52.81s,-35.0313349,89.9606,0.3648,-0.3618,9.789,0.003,-0.003,8.086,0.023,-0.023,9.61249,0.000415,-0.000415,,,,,,,,,,,,,
,,,,,,,,,,,,,,,,,,,,,,,,,,,,,,,,,,,,,,,,,,,,,,,,,,,,,,,,,,,,,,,,,,,,,,,,,,,,,,,,,,,,,,,,,,,,,,,,
55 Cancri c,41,0.1714 Jupiters,5.95084,2004,https://exoplanets.nasa.gov/exoplanet-catalog/7003/55-cancri-c/,Gas Giant,2004,0.1714 Jupiters,0.76 x Jupiter,0.2373 AU,44.4 days,0.03,,,,,,,,,,0.00000083,-0.00000079,0,0.0344,0.001,-0.0011,0,11.198,0.336,-0.347,0,0.999,0.03,-0.031,0,170.99254,11.12405,-11.44188,0,0.538,0.035,-0.036,0,Mass,0.002,0.01,-0.002,0,,,,,825,19,-19,0,0,K7-M0 V,4143,92,-94,0,0.59,0.02,-0.02,0,0.58,0.05,-0.05,0,-0.13,0.15,-0.17,0,[Fe/H],4.66,0.02,-0.02,0,20h12m40.03s,303.1667996,-02d08m39.97s,-2.1444369,49.7876,0.11605,-0.11605,11.841,0.034,-0.034,8.351,0.022,-0.022,11.273,0.000824,-0.000824
,,,,,,,,,,,,,,,,,,,,,,,,,,,,,,,,,,,,,,,,,,,,,,,,,,,,,,,,,,,,,,,,,,,,,,,,,,,,,,,,,,,,,,,,,,,,,,,,
,,,,,,,,,0.0000023,-0.0000023,0,0.03908,0.0007,-0.00072,0,16.018,0.572,-0.516,0,1.429,0.051,-0.046,0,231.69807,11.44188,-11.12405,0,0.729,0.036,-0.035,0,Mass,0.066,,,1,,,,,1623,38,-37,0,0,,5870,120,-120,0,1.28,0.04,-0.04,0,1.08,0.06,-0.06,0,-0.36,0.14,-0.14,0,[Fe/H],4.26,0.02,-0.03,0,20h16m49.92s,304.2079924,+03d17m38.22s,3.2939492,398.505,7.132,-6.889,12.469,0.069,-0.069,10.892,0.026,-0.026,12.3326,0.000162,-0.000162,,,,,,,,,,,,,
,,,,,,,,,,,,,,,,,,,,,,,,,,,,,,,,,,,,,,,,,,,,,,,,,,,,,,,,,,,,,,,,,,,,,,,,,,,,,,,,,,,,,,,,,,,,,,,,
55 Cancri e,41,7.99 Earths,5.95084,2004,https://exoplanets.nasa.gov/exoplanet-catalog/7005/55-cancri-e/,Super Earth,2004,7.99 Earths,1.875 x Earth,0.01544 AU,0.7 days,0.05,,,,,,,,,,0.000002,-0.000002,0,0.0447,0.0007,-0.0007,0,18.159,1.457,-1.457,0,1.62,0.13,-0.13,0,371.8611,63.566,-63.566,0,1.17,0.2,-0.2,0,Mass,0,,,0,3557.29,,,0,2190,40,-40,0,0,F5,6480,90,-90,0,2.1,0.16,-0.16,0,1.48,0.37,-0.37,0,0.12,,,0,[Fe/H],3.96,0.03,-0.03,0,04h50m38.54s,72.6605916,+01d53m37.81s,1.8938365,275.664,3.122,-3.055,10.073,0.005,-0.005,8.759,0.023,-0.023,9.89796,0.000312,-0.000312
,,,,,,,,,,,,,,,,,,,,,,,,,,,,,,,,,,,,,,,,,,,,,,,,,,,,,,,,,,,,,,,,,,,,,,,,,,,,,,,,,,,,,,,,,,,,,,,,
,,,,,,,,,0.000015,-0.000015,0,0.059,0.001,-0.001,0,11.657,0.897,-0.56,0,1.04,0.08,-0.05,0,95.349,9.5349,-9.5349,0,0.3,0.03,-0.03,0,Mass,0,,,0,307.65,,,0,1120,30,-30,0,0,G8,5510,110,-110,0,1.05,0.06,-0.04,0,1.11,0.09,-0.09,0,0.29,0.12,-0.12,0,[Fe/H],4.44,0.02,-0.04,0,12h40m36.47s,190.1519558,-19d17m03.67s,-19.2843527,271.103,3.716,-3.618,12.312,0.08,-0.08,10.393,0.023,-0.023,12.0084,0.000229,-0.000229,,,,,,,,,,,,,
,,,,,,,,,,,,,,,,,,,,,,,,,,,,,,,,,,,,,,,,,,,,,,,,,,,,,,,,,,,,,,,,,,,,,,,,,,,,,,,,,,,,,,,,,,,,,,,,
GJ 3473 b,89,1.86 Earths,13.74,2020,https://exoplanets.nasa.gov/exoplanet-catalog/7763/gj-3473-b/,Super Earth,2020,1.86 Earths,1.264 x Earth,0.01589 AU,1.2 days,0,,,,,,,,,,0.000007,-0.000007,0,0.0771,0.0012,-0.0012,0,10.559,0.247,-0.247,0,0.942,0.022,-0.022,0,220.565,8.899,-8.899,0,0.694,0.028,-0.028,0,Mass,0,,,0,76.19,,,0,797,16,-16,0,0,K0,5314,88,-88,0,0.75,0.02,-0.02,0,0.84,0.04,-0.04,0,0,0.1,-0.1,0,[Fe/H],4.4,0.1,-0.1,0,08h44m25.68s,131.1069959,+01d51m35.62s,1.8598933,100.588,0.489,-0.484,10.825,0.011,-0.011,8.855,0.023,-0.023,10.5745,0.00059,-0.00059
,,,,,,,,,,,,,,,,,,,,,,,,,,,,,,,,,,,,,,,,,,,,,,,,,,,,,,,,,,,,,,,,,,,,,,,,,,,,,,,,,,,,,,,,,,,,,,,,
,,,,,,,,,0.00000044,-0.00000044,0,0.039,0.001,-0.001,0,13.899,0.336,-0.336,0,1.24,0.03,-0.03,0,402.05495,20.65895,-20.65895,0,1.265,0.065,-0.065,0,Mass,0,,,0,640.33,,,0,1452,6,-6,0,0,G5 V,6112,27,-27,0,0.94,0.02,-0.02,0,1.09,0.08,-0.08,0,0.118,0.019,-0.019,0,[M/H],4.5,0.18,-0.18,0,11h43m37.93s,175.9080328,+06d33m49.62s,6.5637842,141.887,1.229,-1.208,10.72,0.01,-0.01,8.733,0.026,-0.026,10.6241,0.000959,-0.000959,,,,,,,,,,,,,
,,,,,,,,,,,,,,,,,,,,,,,,,,,,,,,,,,,,,,,,,,,,,,,,,,,,,,,,,,,,,,,,,,,,,,,,,,,,,,,,,,,,,,,,,,,,,,,,
GJ 436 b,32,22.1 Earths,10.67,2004,https://exoplanets.nasa.gov/exoplanet-catalog/6534/gj-436-b/,Neptune-like,2004,22.1 Earths,0.372 x Jupiter,0.0291 AU,2.6 days,0.14,,,,,,,,,,0.0000019,-0.0000019,0,0.02946,0.00075,-0.00075,0,15.524,0.673,-0.673,0,1.385,0.06,-0.06,0,692.8694,47.6745,-47.6745,0,2.18,0.15,-0.15,0,Mass,0,,,0,4170.1,,,0,2050,,,0,0,,6450,120,-120,0,1.63,0.06,-0.06,0,1.2,0.09,-0.09,0,,,,,,4.08,0.41,-0.41,0,12h21m17.92s,185.3246821,-52d50m26.94s,-52.8408163,298.392,3.622,-3.536,10.727,0.006,-0.006,9.552,0.025,-0.025,10.7091,0.000307,-0.000307
,,,,,,,,,,,,,,,,,,,,,,,,,,,,,,,,,,,,,,,,,,,,,,,,,,,,,,,,,,,,,,,,,,,,,,,,,,,,,,,,,,,,,,,,,,,,,,,,
,,,,,,,,,0.000019,-0.000019,0,0.06431,0.00065,-0.00062,0,16.365,2.354,-2.354,0,1.46,0.21,-0.21,0,133.4886,44.4962,-44.4962,0,0.42,0.14,-0.14,0,Mass,0,,,0,1489.55,,,0,1772,54,-45,0,0,F6,6430,130,-130,0,1.8,0.26,-0.26,0,0.94,0.42,-0.42,0,-0.08,,,0,[Fe/H],3.96,0.04,-0.04,0,20h38m02.70s,309.5112337,-48d27m43.50s,-48.4620833,523.756,8.792,-8.511,11.388,0.018,-0.018,10.322,0.019,-0.019,11.478,0.000403,-0.000403,,,,,,,,,,,,,
,,,,,,,,,,,,,,,,,,,,,,,,,,,,,,,,,,,,,,,,,,,,,,,,,,,,,,,,,,,,,,,,,,,,,,,,,,,,,,,,,,,,,,,,,,,,,,,,
GJ 486 b,26,2.82 Earths,11.39,2021,https://exoplanets.nasa.gov/exoplanet-catalog/7840/gj-486-b/,Super Earth,2021,2.82 Earths,1.305 x Earth,0.01734 AU,1.5 days,0.05,,,,,,,,,,0.0000025,-0.0000025,0,0.0427,0.0012,-0.0012,0,11.657,0.448,-0.448,0,1.04,0.04,-0.04,0,1875.197,127.132,-127.132,0,5.9,0.4,-0.4,0,Mass,0.193,0.009,-0.009,0,,,,,1120,20,-20,0,0,K3,5130,90,-90,0,0.88,0.03,-0.03,0,0.92,0.08,-0.08,0,0.15,0.14,-0.14,0,[Fe/H],4.52,0.02,-0.02,0,20h55m36.01s,313.9000261,-18d58m17.07s,-18.9714084,290.946,2.692,-2.645,13.21,0.103,-0.103,11.004,0.021,-0.021,12.989,0.000528,-0.000528
,,,,,,,,,,,,,,,,,,,,,,,,,,,,,,,,,,,,,,,,,,,,,,,,,,,,,,,,,,,,,,,,,,,,,,,,,,,,,,,,,,,,,,,,,,,,,,,,
,,,,,,,,,0.000003,-0.000003,0,0.0562,0.0012,-0.0012,0,18.271,1.009,-1.009,0,1.63,0.09,-0.09,0,200.2329,22.2481,-22.2481,0,0.63,0.07,-0.07,0,Mass,0,,,0,,,,,1840,50,-50,0,0,F6,6430,130,-130,0,1.98,0.09,-0.09,0,1.55,0.1,-0.1,0,0.11,0.14,-0.14,0,[Fe/H],4.03,0.03,-0.03,0,21h02m07.67s,315.5319489,+07d03m22.61s,7.0562793,466.433,19.928,-18.384,11.618,0.034,-0.034,10.248,0.023,-0.023,11.4559,0.000914,-0.000914,,,,,,,,,,,,,
,,,,,,,,,,,,,,,,,,,,,,,,,,,,,,,,,,,,,,,,,,,,,,,,,,,,,,,,,,,,,,,,,,,,,,,,,,,,,,,,,,,,,,,,,,,,,,,,
HAT-P-12 b,466,0.211 Jupiters,12.665,2009,https://exoplanets.nasa.gov/exoplanet-catalog/1226/hat-p-12-b/,Gas Giant,2009,0.211 Jupiters,0.959 x Jupiter,0.0384 AU,3.2 days,0,,,,,,,,,,0.000003,-0.000003,0,0.037,0.001,-0.001,0,11.545,0.448,-0.448,0,1.03,0.04,-0.04,0,425.8922,25.4264,-25.4264,0,1.34,0.08,-0.08,0,Mass,0,,,0,332.56,,,0,1160,30,-30,0,0,K3,4920,80,-80,0,0.86,0.03,-0.03,0,0.84,0.07,-0.07,0,0.19,0.13,-0.13,0,[Fe/H],4.3,0.2,-0.2,0,23h51m23.14s,357.846434,-70d09m10.30s,-70.1528621,149.942,0.519,-0.516,11.98,0.022,-0.022,9.712,0.023,-0.023,11.6236,0.000313,-0.000313
,,,,,,,,,,,,,,,,,,,,,,,,,,,,,,,,,,,,,,,,,,,,,,,,,,,,,,,,,,,,,,,,,,,,,,,,,,,,,,,,,,,,,,,,,,,,,,,,
,,,,,,,,,0.0000016,-0.0000016,0,0.0348,0.00036,-0.00036,0,16.376,0.863,-0.863,0,1.461,0.077,-0.077,0,255.85315,21.61244,-21.61244,0,0.805,0.068,-0.068,0,Mass,0,,,0,1622.16,,,0,1871,56,-56,0,0,F7,6280,120,-120,0,1.34,0.06,-0.06,0,1.19,0.04,-0.04,0,0,0.14,-0.14,0,[Fe/H],4.26,0.03,-0.03,0,16h26m46.09s,246.6920395,+51d02m28.08s,51.0411328,575.889,6.527,-6.385,12.951,0.057,-0.057,11.519,0.018,-0.018,12.8183,0.000296,-0.000296,,,,,,,,,,,,,
,,,,,,,,,,,,,,,,,,,,,,,,,,,,,,,,,,,,,,,,,,,,,,,,,,,,,,,,,,,,,,,,,,,,,,,,,,,,,,,,,,,,,,,,,,,,,,,,
HAT-P-15 b,628,1.94 Jupiters,12.41,2010,https://exoplanets.nasa.gov/exoplanet-catalog/1229/hat-p-15-b/,Gas Giant,2010,1.94 Jupiters,1.06 x Jupiter,0.0965 AU,10.9 days,0.19,,,,,,,,,,0.000002,-0.000002,0,0.04211,0.00035,-0.00035,0,17.901,0.863,-0.863,0,1.597,0.077,-0.077,0,467.2101,92.1707,-92.1707,0,1.47,0.29,-0.29,0,Mass,0,,,0,2530.89,,,0,1942,38,-38,0,0,F4,6700,100,-100,0,1.52,0.04,-0.04,0,1.33,0.03,-0.03,0,0.07,0.17,-0.17,0,[Fe/H],4.2,0.02,-0.02,0,00h37m50.10s,9.4587443,+51d17m19.60s,51.288778,370.284,7.938,-7.617,10.966,0.007,-0.007,9.942,0.016,-0.016,10.978,0.000447,-0.000447
,,,,,,,,,,,,,,,,,,,,,,,,,,,,,,,,,,,,,,,,,,,,,,,,,,,,,,,,,,,,,,,,,,,,,,,,,,,,,,,,,,,,,,,,,,,,,,,,
,,,,,,,,,0.000004,-0.000004,0,0.055,0.001,-0.001,0,17.71,1.457,-1.457,0,1.58,0.13,-0.13,0,158.915,41.3179,-41.3179,0,0.5,0.13,-0.13,0,Mass,0,,,0,1364.09,,,0,1604,25,-22,0,0,F8,6170,80,-80,0,1.48,0.12,-0.12,0,1.67,0.64,-0.64,0,0.26,,,0,[Fe/H],4.27,0.07,-0.07,0,20h55m07.98s,313.7832393,-34d08m08.70s,-34.1357512,211.211,2.513,-2.454,10.051,0.006,-0.006,8.874,0.024,-0.024,10.0285,0.000365,-0.000365,,,,,,,,,,,,,
,,,,,,,,,,,,,,,,,,,,,,,,,,,,,,,,,,,,,,,,,,,,,,,,,,,,,,,,,,,,,,,,,,,,,,,,,,,,,,,,,,,,,,,,,,,,,,,,
HAT-P-1 b,519,0.525 Jupiters,9.827,2006,https://exoplanets.nasa.gov/exoplanet-catalog/5210/hat-p-1-b/,Gas Giant,2006,0.525 Jupiters,1.319 x Jupiter,0.05561 AU,4.5 days,0,,,,,,,,,,0.00024,-0.00024,0,0.0335,0.0006,-0.0005,0,14.1,,,0,1.26,,,0,196.411,8.899,-9.217,0,0.618,0.028,-0.029,0,Msini,0,,,0,,,,,,,,,0,F9,6040,90,-90,0,1.35,0.12,-0.12,0,1.24,0.09,-0.09,0,0.23,0.14,-0.14,0,[Fe/H],4.26,0.06,-0.06,0,20h55m09.19s,313.7882932,-34d08m08.61s,-34.135724,208.696,2.064,-2.024,10.589,0.023,-0.023,9.188,0.023,-0.023,10.4055,0.000294,-0.000294
,,,,,,,,,,,,,,,,,,,,,,,,,,,,,,,,,,,,,,,,,,,,,,,,,,,,,,,,,,,,,,,,,,,,,,,,,,,,,,,,,,,,,,,,,,,,,,,,
,,,,,,,,,0.000001,-0.000001,0,0.03416,0.00083,-0.00083,0,13.787,1.009,-1.009,0,1.23,0.09,-0.09,0,457.6752,88.9924,-88.9924,0,1.44,0.28,-0.28,0,Mass,0,,,0,1362.14,,,0,1570,50,-50,0,0,G2,5830,140,-140,0,1.23,0.09,-0.09,0,1.46,0.42,-0.42,0,0.14,,,0,[Fe/H],4.36,0.07,-0.07,0,22h29m49.88s,337.4578243,-48d00m11.16s,-48.0030988,137.544,0.795,-0.786,10.092,0.004,-0.004,8.564,0.025,-0.025,9.93697,0.000483,-0.000483,,,,,,,,,,,,,
,,,,,,,,,,,,,,,,,,,,,,,,,,,,,,,,,,,,,,,,,,,,,,,,,,,,,,,,,,,,,,,,,,,,,,,,,,,,,,,,,,,,,,,,,,,,,,,,
HAT-P-36 b,960,1.8482 Jupiters,12.146,2011,https://exoplanets.nasa.gov/exoplanet-catalog/1252/hat-p-36-b/,Gas Giant,2011,1.8482 Jupiters,1.277 x Jupiter,0.0241 AU,1.3 days,0.06,,,,,,,,,,0.0000027,-0.0000027,0,0.0453,0.0013,-0.0013,0,13.45,0.67,-0.67,0,1.2,0.06,-0.06,0,152.55,9.53,-9.53,0,0.48,0.03,-0.03,0,Mass,0,,,0,546.49,,,0,1285,40,-40,0,0,G8,5540,140,-140,0,1.05,0.05,-0.05,0,1.06,0.09,-0.09,0,0.14,0.19,-0.19,0,[Fe/H],4.42,0.02,-0.02,0,00h04m11.18s,1.0465696,-47d21m38.29s,-47.3606352,352.464,4.746,-4.623,12.569,0.069,-0.069,10.914,0.024,-0.024,12.3833,0.00026,-0.00026
,,,,,,,,,,,,,,,,,,,,,,,,,,,,,,,,,,,,,,,,,,,,,,,,,,,,,,,,,,,,,,,,,,,,,,,,,,,,,,,,,,,,,,,,,,,,,,,,
,,,,,,,,,0.000001,-0.000001,0,0.03303,0.00056,-0.00056,0,12.778,0.673,-0.673,0,1.14,0.06,-0.06,0,432.2488,60.3877,-60.3877,0,1.36,0.19,-0.19,0,Mass,0,,,0,1176.48,,,0,1555,40,-40,0,0,G5,5640,100,-100,0,1.08,0.06,-0.06,0,1.18,0.24,-0.24,0,0.23,,,0,[Fe/H],4.45,0.08,-0.08,0,01h38m25.23s,24.6051389,-55d46m19.20s,-55.7720006,151.068,0.511,-0.507,10.57,0.006,-0.006,9.03,0.029,-0.029,10.4238,0.000274,-0.000274,,,,,,,,,,,,,
,,,,,,,,,,,,,,,,,,,,,,,,,,,,,,,,,,,,,,,,,,,,,,,,,,,,,,,,,,,,,,,,,,,,,,,,,,,,,,,,,,,,,,,,,,,,,,,,
HAT-P-69 b,1113,3.58 Jupiters,9.774,2019,https://exoplanets.nasa.gov/exoplanet-catalog/7454/hat-p-69-b/,Gas Giant,2019,3.58 Jupiters,1.676 x Jupiter,0.06555 AU,4.8 days,0,,,,,,,,,,0.00000043,-0.00000043,0,0.03762,0.001,-0.001,0,12.823,0.381,-0.381,0,1.144,0.034,-0.034,0,293.03926,25.4264,-25.4264,0,0.922,0.08,-0.08,0,Mass,0.07,,,1,269.88,,,0,1171,26,-26,0,0,G7,5473,121,-121,0,0.74,0.02,-0.02,0,0.81,0.06,-0.06,0,-0.49,0.1,-0.1,0,[Fe/H],4.61,0.01,-0.01,0,03h53m42.96s,58.4290113,-34d19m41.78s,-34.3282716,281.742,1.631,-1.612,13.252,0.069,-0.069,11.284,0.023,-0.023,12.8678,0.000194,-0.000194
,,,,,,,,,,,,,,,,,,,,,,,,,,,,,,,,,,,,,,,,,,,,,,,,,,,,,,,,,,,,,,,,,,,,,,,,,,,,,,,,,,,,,,,,,,,,,,,,
,,,,,,,,,0.00004,-0.00004,0,0.0717,0.0016,-0.0016,0,11.433,0.673,-0.673,0,1.02,0.06,-0.06,0,772.3269,117.5971,-117.5971,0,2.43,0.37,-0.37,0,Mass,0,,,0,828.83,,,0,1480,40,-40,0,0,F8,6150,100,-100,0,1.64,0.09,-0.09,0,1.21,0.28,-0.28,0,0.21,,,0,[Fe/H],4.3,0.1,-0.1,0,02h39m35.44s,39.8976689,-50d00m29.50s,-50.0081934,158.66,0.809,-0.8,9.475,0.003,-0.003,8.088,0.024,-0.024,9.3251,0.000154,-0.000154,,,,,,,,,,,,,
,,,,,,,,,,,,,,,,,,,,,,,,,,,,,,,,,,,,,,,,,,,,,,,,,,,,,,,,,,,,,,,,,,,,,,,,,,,,,,,,,,,,,,,,,,,,,,,,
HATS-30 b,1116,0.706 Jupiters,12.283,2016,https://exoplanets.nasa.gov/exoplanet-catalog/3280/hats-30-b/,Gas Giant,2016,0.706 Jupiters,1.175 x Jupiter,0.04354 AU,3.2 days,< 0.096,,,,,,,,,,,,,2500,,,0,12.6,,,0,1.13,,,0,2383.6,476.7,-476.7,0,7.5,1.5,-1.5,0,Mass,,,,,,,,,323,23,-23,0,0,DQ,9552,54.33,-1930.5,0,,,,,0.62,0.03,-0.03,0,,,,,,,,,,08h06m54.62s,121.7275683,-66d18m21.18s,-66.3058835,19.2444,0.0073,-0.0073,13.855,0.137,-0.137,13.781,0.043,-0.043,13.6826,0.000339,-0.000339
,,,,,,,,,,,,,,,,,,,,,,,,,,,,,,,,,,,,,,,,,,,,,,,,,,,,,,,,,,,,,,,,,,,,,,,,,,,,,,,,,,,,,,,,,,,,,,,,
,,,,,,,,,0.0000011,-0.0000011,0,0.0204,0.0012,-0.0012,0,10.4,1,-1,0,0.928,0.089,-0.089,0,4386.054,,,0,13.8,,,0,Mass,0,,,0,0.18,0.02,-0.02,0,163,14,-18,0,0,,4710,60,-60,0,0.01,0,0,0,0.52,0.06,-0.06,0,,,,,,7.92,0.03,-0.03,0,18h57m39.76s,284.415675,+53d30m32.49s,53.5090244,24.7359,0.0435,-0.0433,17.244,0.046,-0.046,15.548,0.186,-0.186,16.958,0.000967,-0.000967,,,,,,,,,,,,,
,,,,,,,,,,,,,,,,,,,,,,,,,,,,,,,,,,,,,,,,,,,,,,,,,,,,,,,,,,,,,,,,,,,,,,,,,,,,,,,,,,,,,,,,,,,,,,,,
HATS-42 b,2611,1.88 Jupiters,13.682,2018,https://exoplanets.nasa.gov/exoplanet-catalog/6285/hats-42-b/,Gas Giant,2018,1.88 Jupiters,1.4 x Jupiter,0.03689 AU,2.3 days,< 0.229,,,,,,,,,,,,,8,1.3,-1.3,0,10.468,0.327,-0.327,0,0.934,0.029,-0.029,0,6992,636,-636,0,22,2,-2,0,Mass,,,,,,,,,450,,,0,0,T8.5,575,25,-25,0,0.09,0,0,0,0.03,0.01,-0.01,0,,,,,,5,0.1,-0.1,0,12h17m56.91s,184.487125,+16d26m40.2s,16.4445,10.1,1.9,-1.4,,,,,,,,,
,,,,,,,,,,,,,,,,,,,,,,,,,,,,,,,,,,,,,,,,,,,,,,,,,,,,,,,,,,,,,,,,,,,,,,,,,,,,,,,,,,,,,,,,,,,,,,,,
,,,,,,,,,0.000013,-0.000015,0,0.047,0.001,-0.001,0,16.7,1.79,-2.02,0,1.49,0.16,-0.18,0,1274.44,111.24,-111.24,0,4.01,0.35,-0.35,0,Mass,0.1,,,1,,,,,1500,100,-100,0,0,F6 V,6250,200,-200,0,1.15,0.1,-0.12,0,1.2,0.1,-0.1,0,-0.5,0.5,-0.5,0,[Fe/H],4.4,0.1,-0.1,0,19h35m56.41s,293.9850284,+36d17m46.66s,36.2962939,2346.01,341.4,-265.8,16.644,1.133,-1.133,15.271,0.199,-0.199,16.4299,0.000695,-0.000695,,,,,,,,,,,,,
,,,,,,,,,,,,,,,,,,,,,,,,,,,,,,,,,,,,,,,,,,,,,,,,,,,,,,,,,,,,,,,,,,,,,,,,,,,,,,,,,,,,,,,,,,,,,,,,
HATS-44 b,1455,0.56 Jupiters,14.397,2018,https://exoplanets.nasa.gov/exoplanet-catalog/6299/hats-44-b/,Gas Giant,2018,0.56 Jupiters,1.067 x Jupiter,0.03649 AU,2.7 days,< 0.279,,,,,,,,,,0.00000065,-0.00000065,0,0.01855,0.00062,-0.00062,0,15.278,0.684,-0.684,0,1.363,0.061,-0.061,0,355.9696,50.8528,-50.8528,0,1.12,0.16,-0.16,0,Mass,0,,,0,2544.69,,,0,2000,100,-100,0,0,K2 V,5000,250,-250,0,0.75,0.03,-0.03,0,0.82,0.08,-0.08,0,0.2,0.3,-0.2,0,[Fe/H],4.6,0.02,-0.02,0,19h34m55.87s,293.7327826,+36d48m55.78s,36.8154936,1030.768344,143.3254939,-143.3254939,15.954,0.183,-0.183,13.414,0.039,-0.039,15.5965,0.00233,-0.00233
,,,,,,,,,,,,,,,,,,,,,,,,,,,,,,,,,,,,,,,,,,,,,,,,,,,,,,,,,,,,,,,,,,,,,,,,,,,,,,,,,,,,,,,,,,,,,,,,
,,,,,,,,,0.000001,-0.000001,0,0.0282,0.0015,-0.0015,0,11.561,0.068,-0.068,0,1.031,0.006,-0.006,0,188.15536,52.44195,-41.00007,0,0.592,0.165,-0.129,0,Mass,0.012,,,1,113.59,,,0,2198,,,1,0,K7 V,4251,175,-175,0,0.61,0.09,-0.09,0,0.65,0.1,-0.1,0,,,,,,4.55,,,0,19h56m12.15s,299.0506412,+17d34m11.87s,17.5699627,305.3,3.002,-2.945,15.564,0.137,-0.137,12.198,0.02,-0.02,15.0324,0.000499,-0.000499,,,,,,,,,,,,,
,,,,,,,,,,,,,,,,,,,,,,,,,,,,,,,,,,,,,,,,,,,,,,,,,,,,,,,,,,,,,,,,,,,,,,,,,,,,,,,,,,,,,,,,,,,,,,,,
HD 149026 b,247,0.38 Jupiters,8.15,2005,https://exoplanets.nasa.gov/exoplanet-catalog/6939/hd-149026-b/,Gas Giant,2005,0.38 Jupiters,0.74 x Jupiter,0.04364 AU,2.9 days,0,,,,,,,,,,0.0000008,-0.0000008,0,0.0234,0.0015,-0.0015,0,12.993,0.229,-0.235,0,1.159,0.02,-0.021,0,232.33373,171.94603,-98.84513,0,0.731,0.541,-0.311,0,Mass,0.057,,,1,282.26,,,0,2470,,,1,0,K6 V,4591,195,-195,0,0.66,0.1,-0.1,0,0.73,0.11,-0.11,0,,,,,,4.53,,,0,19h51m09.82s,297.7909214,+16d54m45.24s,16.9125679,565.541,14.296,-13.619,16.186,0.035,-0.035,13.332,0.039,-0.039,15.9359,0.000564,-0.000564
,,,,,,,,,,,,,,,,,,,,,,,,,,,,,,,,,,,,,,,,,,,,,,,,,,,,,,,,,,,,,,,,,,,,,,,,,,,,,,,,,,,,,,,,,,,,,,,,
,,,,,,,,,0.0005,-0.0005,0,0.0375,0.0012,-0.0013,0,1.21,,,0,0.108,,,0,1.91,0.26,-0.25,0,0.00601,0.00082,-0.00079,0,Msini,0.15,0.13,-0.1,0,7.34,,,0,,,,,0,M3.5,3342,49,-49,0,0.31,0.03,-0.03,0,0.29,,,0,-0.09,0.09,-0.09,0,[Fe/H],4.9,0,0,0,16h30m17.96s,247.5748276,-12d40m03.67s,-12.6676866,4.30592,0.00118,-0.00118,10.1,0.1,-0.1,5.075,0.024,-0.024,8.79444,0.000741,-0.000741,,,,,,,,,,,,,
,,,,,,,,,,,,,,,,,,,,,,,,,,,,,,,,,,,,,,,,,,,,,,,,,,,,,,,,,,,,,,,,,,,,,,,,,,,,,,,,,,,,,,,,,,,,,,,,
HD 149143 b,239,1.33 Jupiters,7.89,2005,https://exoplanets.nasa.gov/exoplanet-catalog/6940/hd-149143-b/,Gas Giant,2005,1.33 Jupiters,1.22 x Jupiter,0.053 AU,4.1 days,0.02,,,,,,,,,,0.0059,-0.0059,0,0.089,0.0029,-0.0031,0,1.66,,,0,0.148,,,0,3.41,0.43,-0.41,0,0.01073,0.00135,-0.00129,0,Msini,0.11,0.1,-0.07,0,1.3,,,0,,,,,0,M3.5,3342,49,-49,0,0.31,0.03,-0.03,0,0.29,,,0,-0.09,0.09,-0.09,0,[Fe/H],4.9,0,0,0,16h30m17.96s,247.5748276,-12d40m03.67s,-12.6676866,4.30592,0.00118,-0.00118,10.1,0.1,-0.1,5.075,0.024,-0.024,8.79444,0.000741,-0.000741
,,,,,,,,,,,,,,,,,,,,,,,,,,,,,,,,,,,,,,,,,,,,,,,,,,,,,,,,,,,,,,,,,,,,,,,,,,,,,,,,,,,,,,,,,,,,,,,,
,,,,,,,,,0.55,-0.52,0,0.47,0.015,-0.017,0,2.69,,,0,0.24,,,0,7.7,1.12,-1.06,0,0.02423,0.00352,-0.00334,0,Msini,0.55,0.08,-0.09,0,0.06,,,0,,,,,0,M3.5,3342,49,-49,0,0.31,0.03,-0.03,0,0.29,,,0,-0.09,0.09,-0.09,0,[Fe/H],4.9,0,0,0,16h30m17.96s,247.5748276,-12d40m03.67s,-12.6676866,4.30592,0.00118,-0.00118,10.1,0.1,-0.1,5.075,0.024,-0.024,8.79444,0.000741,-0.000741,,,,,,,,,,,,,
,,,,,,,,,,,,,,,,,,,,,,,,,,,,,,,,,,,,,,,,,,,,,,,,,,,,,,,,,,,,,,,,,,,,,,,,,,,,,,,,,,,,,,,,,,,,,,,,
HD 210702 b,177,1.808 Jupiters,5.93022,2007,https://exoplanets.nasa.gov/exoplanet-catalog/6904/hd-210702-b/,Gas Giant,2007,1.808 Jupiters,1.2 x Jupiter,1.148 AU,354.1 days,0.03,,,,,,,,,,0.000021,-0.000021,0,0.05706,0.00055,-0.00055,0,2.043,0.069,-0.069,0,0.182,0.006,-0.006,0,6.26,0.69,-0.7,0,0.0197,0.00217,-0.0022,0,Mass,0.41,0.05,-0.05,0,69.6,3,-3,0,790,15,-15,0,0,K3.5 V,4716,60,-60,0,0.69,0.02,-0.02,0,0.69,0.02,-0.02,0,-0.47,0.08,-0.08,0,[Fe/H],4.62,0.02,-0.01,0,13h47m23.09s,206.8461979,-06d08m21.61s,-6.1393369,44.526,0.0964,-0.0961,10.27,0.03,-0.03,7.617,0.023,-0.023,9.89816,0.000337,-0.000337
,,,,,,,,,,,,,,,,,,,,,,,,,,,,,,,,,,,,,,,,,,,,,,,,,,,,,,,,,,,,,,,,,,,,,,,,,,,,,,,,,,,,,,,,,,,,,,,,
,,,,,,,,,0.000027,-0.000027,0,0.0488,0.0005,-0.0005,0,12.778,0.785,-0.785,0,1.14,0.07,-0.07,0,263.7989,41.3179,-41.3179,0,0.83,0.13,-0.13,0,Mass,0,,,0,336.39,,,0,1210,16,-16,0,0,G1 V,5750,75,-75,0,0.88,0.05,-0.05,0,0.88,0.19,-0.19,0,0.02,,,0,[Fe/H],4.51,0.02,-0.02,0,16h02m11.83s,240.5492745,+28d10m10.65s,28.1696248,163.553,0.622,-0.617,11.251,0.008,-0.008,9.527,0.015,-0.015,11.004,0.000405,-0.000405,,,,,,,,,,,,,
,,,,,,,,,,,,,,,,,,,,,,,,,,,,,,,,,,,,,,,,,,,,,,,,,,,,,,,,,,,,,,,,,,,,,,,,,,,,,,,,,,,,,,,,,,,,,,,,
HD 73583 c,103,9.7 Earths,9.67,2022,https://exoplanets.nasa.gov/exoplanet-catalog/8466/hd-73583-c/,Super Earth,2022,9.7 Earths,0.213 x Jupiter,0.1242 AU,18.9 days,0.08,,,,,,,,,,,,0,0.0368,,,0,11.131,0.135,-0.135,0,0.993,0.012,-0.012,0,179.89178,7.94575,-7.94575,0,0.566,0.025,-0.025,0,Mass,0.028,0.038,-0.022,0,1566.65,,,0,1328,17,-28,0,0,K0 V,5340,50,-50,0,0.99,0.01,-0.01,0,0.97,,,0,0.43,0.05,-0.05,0,,4.43,0.01,-0.01,0,07h48m06.42s,117.0267691,+50d13m30.53s,50.2251472,154.273,1.459,-1.433,11.246,0.011,-0.011,9.308,0.021,-0.021,10.9718,0.000514,-0.000514
,,,,,,,,,,,,,,,,,,,,,,,,,,,,,,,,,,,,,,,,,,,,,,,,,,,,,,,,,,,,,,,,,,,,,,,,,,,,,,,,,,,,,,,,,,,,,,,,
,,,,,,,,,0.034,-0.034,0,0.13,0,0,0,10.9,,,0,0.971,,,0,82.6358,12.7132,-12.7132,0,0.26,0.04,-0.04,0,Msini,0.18,0.04,-0.04,0,,,,,,,,,0,,5399,55,-55,0,1,0.04,-0.04,0,0.98,0.2,-0.2,0,0.39,,,0,[Fe/H],4.43,0.08,-0.08,0,07h48m07.43s,117.0309753,+50d13m00.86s,50.2169068,151.398,0.955,-0.944,11.196,0.012,-0.012,9.272,0.021,-0.021,10.9278,0.000421,-0.000421,,,,,,,,,,,,,
,,,,,,,,,,,,,,,,,,,,,,,,,,,,,,,,,,,,,,,,,,,,,,,,,,,,,,,,,,,,,,,,,,,,,,,,,,,,,,,,,,,,,,,,,,,,,,,,
HIP 12961 b,76,0.36 Jupiters,10.25,2010,https://exoplanets.nasa.gov/exoplanet-catalog/6857/hip-12961-b/,Gas Giant,2010,0.36 Jupiters,1.18 x Jupiter,0.25 AU,57.4 days,0.17,,,,,,,,,,0.34,-0.34,0,0.4756,0.0087,-0.0087,0,13.6,,,0,1.21,,,0,435.409,16.844,-16.844,0,1.37,0.053,-0.053,0,Msini,0.1528,0.0094,-0.0098,0,,,,,,,,,0,,5399,55,-55,0,1.02,0.09,-0.07,0,0.98,0.05,-0.05,0,0.39,0.05,-0.05,0,[Fe/H],4.43,0.08,-0.08,0,07h48m07.43s,117.0309753,+50d13m00.86s,50.2169068,151.398,0.955,-0.944,11.196,0.012,-0.012,9.272,0.021,-0.021,10.9278,0.000421,-0.000421
,,,,,,,,,,,,,,,,,,,,,,,,,,,,,,,,,,,,,,,,,,,,,,,,,,,,,,,,,,,,,,,,,,,,,,,,,,,,,,,,,,,,,,,,,,,,,,,,
,,,,,,,,,0.00014,-0.00014,0,0.0476,0.0005,-0.0005,0,15.805,1.345,-1.345,0,1.41,0.12,-0.12,0,2316.9807,378.2177,-378.2177,0,7.29,1.19,-1.19,0,Mass,0.29,0,0,0,2231.27,,,0,1729,34,-34,0,0,F5V,6429,50,-50,0,1.54,0.11,-0.11,0,0.58,0.14,-0.14,0,-0.18,,,0,[Fe/H],3.95,0.06,-0.06,0,04h21m52.70s,65.4695814,+57d49m01.95s,57.8172095,213.053,2.724,-2.658,9.854,0.004,-0.004,8.791,0.019,-0.019,9.73889,0.000258,-0.000258,,,,,,,,,,,,,
,,,,,,,,,,,,,,,,,,,,,,,,,,,,,,,,,,,,,,,,,,,,,,,,,,,,,,,,,,,,,,,,,,,,,,,,,,,,,,,,,,,,,,,,,,,,,,,,
K2-136 d,193,2.7 Earths,11.101,2017,https://exoplanets.nasa.gov/exoplanet-catalog/6070/k2-136-d/,Super Earth,2017,2.7 Earths,1.45 x Earth,Unknown,25.6 days,0.14,,,,,,,,,,0.000004,-0.000004,0,0.05524,0.00027,-0.00028,0,14.011,0.897,-0.897,0,1.25,0.08,-0.08,0,451.3186,60.3877,-60.3877,0,1.42,0.19,-0.19,0,Mass,0,,,0,1041.48,,,0,1630,169,-36,0,0,F5 V,6397,70,-70,0,1.45,0.09,-0.09,0,1.1,0.22,-0.22,0,-0.04,,,0,[Fe/H],4.18,0.03,-0.03,0,07h21m33.13s,110.3880285,+58d16m05.19s,58.2681094,272.655,2.914,-2.855,10.814,0.008,-0.008,9.406,0.023,-0.023,10.5131,0.000383,-0.000383
,,,,,,,,,,,,,,,,,,,,,,,,,,,,,,,,,,,,,,,,,,,,,,,,,,,,,,,,,,,,,,,,,,,,,,,,,,,,,,,,,,,,,,,,,,,,,,,,
,,,,,,,,,0.0000006,-0.0000006,0,0.0515,0.0005,-0.0005,0,12.78,0.34,-0.34,0,1.14,0.03,-0.03,0,378.2,9.53,-9.53,0,1.19,0.03,-0.03,0,Mass,0,,,0,397.48,,,0,1230,20,-20,0,0,G8 V,5430,70,-70,0,1.13,0.03,-0.03,0,1.04,0.03,-0.03,0,0.05,0.06,-0.06,0,[Fe/H],4.35,0.02,-0.02,0,07h46m51.93s,116.7163868,+39d05m40.09s,39.0944695,276.211,3.919,-3.812,12.198,0.092,-0.092,10.345,0.018,-0.018,11.9498,0.000237,-0.000237,,,,,,,,,,,,,
,,,,,,,,,,,,,,,,,,,,,,,,,,,,,,,,,,,,,,,,,,,,,,,,,,,,,,,,,,,,,,,,,,,,,,,,,,,,,,,,,,,,,,,,,,,,,,,,
K2-180 b,665,11.44182 Earths,12.557,2018,https://exoplanets.nasa.gov/exoplanet-catalog/6199/k2-180-b/,Super Earth,2018,11.44182 Earths,0.225 x Jupiter,0.0734 AU,8.9 days,0,,,,,,,,,,0.0000081,-0.0000081,0,0.0815,0.0077,-0.0077,0,23.203,2.466,-2.466,0,2.07,0.22,-0.22,0,1398.452,,,1,4.4,,,1,Mass,0,,,0,1290.13,,,0,1577,28,-28,0,0,F5,6720,100,-100,0,1.93,0.18,-0.18,0,1.47,0.06,-0.06,0,-0.07,0.1,-0.1,0,[Fe/H],4.04,0.1,-0.1,0,06h19m10.31s,94.7929552,+73d49m39.24s,73.8275672,235.479,2.443,-2.393,10.247,0.004,-0.004,9.246,0.02,-0.02,10.191,0.000329,-0.000329
,,,,,,,,,,,,,,,,,,,,,,,,,,,,,,,,,,,,,,,,,,,,,,,,,,,,,,,,,,,,,,,,,,,,,,,,,,,,,,,,,,,,,,,,,,,,,,,,
,,,,,,,,,0.0000043,-0.0000043,0,0.04421,0.00062,-0.00062,0,15.39,0.291,-0.291,0,1.373,0.026,-0.026,0,225.34147,10.80622,-10.80622,0,0.709,0.034,-0.034,0,Mass,0.038,0.033,-0.033,0,1540,81,-81,0,1743,23,-23,0,0,G0 V,6250,100,-100,0,1.48,0.02,-0.02,0,1.41,0.06,-0.06,0,0.432,0.057,-0.057,0,[Fe/H],4.25,0.02,-0.02,0,18h29m54.74s,277.4780753,+85d13m59.95s,85.2333208,234.149,1.194,-1.181,10.521,0.006,-0.006,9.241,0.024,-0.024,10.4575,0.000449,-0.000449,,,,,,,,,,,,,
,,,,,,,,,,,,,,,,,,,,,,,,,,,,,,,,,,,,,,,,,,,,,,,,,,,,,,,,,,,,,,,,,,,,,,,,,,,,,,,,,,,,,,,,,,,,,,,,
K2-283 b,1314,12.2 Earths,14.364,2018,https://exoplanets.nasa.gov/exoplanet-catalog/6397/k2-283-b/,Neptune-like,2018,12.2 Earths,0.314 x Jupiter,0.0291 AU,1.9 days,0,,,,,,,,,,,,,115,,,0,12.7,,,0,1.14,,,0,2002.31896,508.52545,-286.04557,0,6.3,1.6,-0.9,0,Mass,,,,,,,,,,,,,0,K1 V,4749,40,-40,0,1.19,0.02,-0.02,0,1.1,0.03,-0.03,0,,,,,,4.25,0.1,-0.08,0,11h27m55.27s,171.9802779,-66d26m04.46s,-66.4345736,109.406,0.374,-0.373,10.885,0.011,-0.011,8.358,0.029,-0.029,10.5352,0.002319,-0.002319
,,,,,,,,,,,,,,,,,,,,,,,,,,,,,,,,,,,,,,,,,,,,,,,,,,,,,,,,,,,,,,,,,,,,,,,,,,,,,,,,,,,,,,,,,,,,,,,,
,,,,,,,,,0.00007,-0.00009,0,0.01634,0.00035,-0.00041,0,0.913,,,0,0.081,,,0,0.7,0.09,-0.08,0,0.0022,0.00028,-0.00025,0,Msini,0.06,0.06,-0.04,0,8.21,0.16,-0.15,0,471,2,-2,0,0,M4.5 V,3151,51,-51,0,0.16,0.01,-0.01,0,0.14,0.01,-0.01,0,-0.18,0.16,-0.16,0,[Fe/H],5.17,0.07,-0.07,0,01h12m31.94s,18.1330792,-16d59m46.48s,-16.9962434,3.71207,0.00109,-0.00109,12.074,,,6.42,0.017,,10.4294,0.000576,-0.000576,,,,,,,,,,,,,
,,,,,,,,,,,,,,,,,,,,,,,,,,,,,,,,,,,,,,,,,,,,,,,,,,,,,,,,,,,,,,,,,,,,,,,,,,,,,,,,,,,,,,,,,,,,,,,,
K2-284 b,350,8.15 Earths,13.265,2018,https://exoplanets.nasa.gov/exoplanet-catalog/6415/k2-284-b/,Neptune-like,2018,8.15 Earths,0.248 x Jupiter,0.04771 AU,4.8 days,0.08,,,,,,,,,,0.0001,-0.0001,0,0.02156,0.00046,-0.00054,0,1.05,,,0,0.093,,,0,1.14,0.11,-0.1,0,0.00359,0.00035,-0.00031,0,Msini,0,,,0,4.72,0.09,-0.09,0,410,2,-2,0,0,M4.5 V,3151,51,-51,0,0.16,0.01,-0.01,0,0.14,0.01,-0.01,0,-0.18,0.16,-0.16,0,[Fe/H],5.17,0.07,-0.07,0,01h12m31.94s,18.1330792,-16d59m46.48s,-16.9962434,3.71207,0.00109,-0.00109,12.074,,,6.42,0.017,,10.4294,0.000576,-0.000576
,,,,,,,,,,,,,,,,,,,,,,,,,,,,,,,,,,,,,,,,,,,,,,,,,,,,,,,,,,,,,,,,,,,,,,,,,,,,,,,,,,,,,,,,,,,,,,,,
,,,,,,,,,0.00028,-0.00029,0,0.02851,0.00061,-0.00071,0,1.03,,,0,0.092,,,0,1.09,0.12,-0.12,0,0.00343,0.00038,-0.00038,0,Msini,0.07,0.04,-0.05,0,2.7,0.05,-0.05,0,357,2,-2,0,0,M4.5 V,3151,51,-51,0,0.16,0.01,-0.01,0,0.14,0.01,-0.01,0,-0.18,0.16,-0.16,0,[Fe/H],5.17,0.07,-0.07,0,01h12m31.94s,18.1330792,-16d59m46.48s,-16.9962434,3.71207,0.00109,-0.00109,12.074,,,6.42,0.017,,10.4294,0.000576,-0.000576,,,,,,,,,,,,,
,,,,,,,,,,,,,,,,,,,,,,,,,,,,,,,,,,,,,,,,,,,,,,,,,,,,,,,,,,,,,,,,,,,,,,,,,,,,,,,,,,,,,,,,,,,,,,,,
Kepler-276 c,3735,16.6 Earths,15.481,2013,https://exoplanets.nasa.gov/exoplanet-catalog/5545/kepler-276-c/,Super Earth,2013,16.6 Earths,0.259 x Jupiter,0.1994 AU,31.9 days,0,,,,,,,,,,0.3,-0.3,0,1.2,,,0,13.4,,,0,1.2,,,0,572.07,63.563,-63.563,0,1.8,0.2,-0.2,0,Msini,0.25,0.03,-0.03,0,,,,,,,,,0,K2III,4553,15,,0,13.9,0.3,,0,1.5,0.2,,0,-0.16,0.03,-0.03,0,[Fe/H],2.49,0.21,-0.21,0,02h07m10.39s,31.793286,+23d27m44.72s,23.462421,20.21019,0.404367,-0.404367,2.00538,0.023,-0.023,-0.783,0.176,-0.176,,,
,,,,,,,,,,,,,,,,,,,,,,,,,,,,,,,,,,,,,,,,,,,,,,,,,,,,,,,,,,,,,,,,,,,,,,,,,,,,,,,,,,,,,,,,,,,,,,,,
,,,,,,,,,0.9,-0.9,0,1.46,0.27,-0.27,0,12.7,,,0,1.13,,,0,2056.3601,168.4499,-168.4499,0,6.47,0.53,-0.53,0,Msini,0.1,0.05,-0.05,0,,,,,,,,,0,K5 III,4055,70,-70,0,45.1,0.1,-0.1,0,1.13,0.11,-0.11,0,-0.27,0.05,-0.05,0,[Fe/H],1.2,0.1,-0.1,0,04h35m55.24s,68.980174,+16d30m33.12s,16.509201,20.4332,0.3214,-0.3214,0.872,0.023,-0.023,-3.044,0.14,-0.14,,,,,,,,,,,,,,,,
,,,,,,,,,,,,,,,,,,,,,,,,,,,,,,,,,,,,,,,,,,,,,,,,,,,,,,,,,,,,,,,,,,,,,,,,,,,,,,,,,,,,,,,,,,,,,,,,
Kepler-396 c,730,17.9 Earths,12.259,2013,https://exoplanets.nasa.gov/exoplanet-catalog/4820/kepler-396-c/,Neptune-like,2013,17.9 Earths,0.473 x Jupiter,0.378 AU,88.5 days,0,,,,,,,,,,830000,-830000,0,556,17,-17,0,12.4,,,0,1.11,,,0,3464.32964,508.52545,-508.52545,0,10.9,1.6,-1.6,0,Mass,0.4,,,1,,,,,,,,,0,B2.5 V,,,,,,,,,5.5,0.5,-0.5,0,,,,,,,,,,14h41m57.55s,220.4897992,-37d47m37.08s,-37.7936323,98.0935,6.7875,-5.9734,4.01,0.03,-0.03,4.487,0.026,-0.026,4.01093,0.0089181,-0.0089181
,,,,,,,,,,,,,,,,,,,,,,,,,,,,,,,,,,,,,,,,,,,,,,,,,,,,,,,,,,,,,,,,,,,,,,,,,,,,,,,,,,,,,,,,,,,,,,,,
,,,,,,,,,4,-4,0,1.7,0.1,-0.1,0,12.6,,,0,1.12,,,0,2479,254.3,-254.3,0,7.8,0.8,-0.8,0,Msini,0.08,0.02,-0.02,0,,,,,,,,,0,K4 III,4092.1,17.5,-17.5,0,47.2,1.3,-1.3,0,1.7,0.1,-0.1,0,-0.29,0.06,-0.06,0,[Fe/H],1.4,0.1,-0.1,0,08h16m30.87s,124.1286379,+09d11m07.19s,9.1853306,89.0472,7.69152,-7.69152,3.51012,0.023,-0.023,0.19,0.202,-0.202,3.04628,0.0102768,-0.0102768,,,,,,,,,,,,,
,,,,,,,,,,,,,,,,,,,,,,,,,,,,,,,,,,,,,,,,,,,,,,,,,,,,,,,,,,,,,,,,,,,,,,,,,,,,,,,,,,,,,,,,,,,,,,,,
Kepler-424 c,2279,6.97 Jupiters,14.429,2014,https://exoplanets.nasa.gov/exoplanet-catalog/4899/kepler-424-c/,Gas Giant,2014,6.97 Jupiters,1.13 x Jupiter,0.73 AU,223.3 days,0,,,,,,,,,,7300,-730,0,9.1,5.3,-0.5,0,18.495,0.673,-0.673,0,1.65,0.06,-0.06,0,3496.13,635.66,-635.66,0,11,2,-2,0,Mass,0.08,0.32,-0.06,0,,,,,1612,38,-38,0,0,A5V,8038.68,,,0,1.54,,,0,1.76,0.18,-0.17,0,-0.21,0.03,-0.02,0,[Fe/H],4.35,,,0,05h47m17.10s,86.8212337,-51d03m58.13s,-51.066148,19.7442,0.132,-0.1303,3.85,0.03,-0.03,3.526,0.222,-0.222,3.82015,0.0044271,-0.0044271
,,,,,,,,,,,,,,,,,,,,,,,,,,,,,,,,,,,,,,,,,,,,,,,,,,,,,,,,,,,,,,,,,,,,,,,,,,,,,,,,,,,,,,,,,,,,,,,,
,,,,,,,,,,,0,2.7,,,0,12.5,,,0,1.12,,,0,2860.47,,,0,9,,,0,Mass,0.24,,,0,,,,,,,,,0,A5V,7890,13,-17,0,2.01,0.17,-0.15,0,1.75,,,0,-0.21,0.03,-0.02,0,[Fe/H],3.83,0.03,-0.02,0,05h47m17.10s,86.8212337,-51d03m58.13s,-51.066148,19.7442,0.132,-0.1303,3.85,0.03,-0.03,3.526,0.222,-0.222,3.82015,0.0044271,-0.0044271,,,,,,,,,,,,,
,,,,,,,,,,,,,,,,,,,,,,,,,,,,,,,,,,,,,,,,,,,,,,,,,,,,,,,,,,,,,,,,,,,,,,,,,,,,,,,,,,,,,,,,,,,,,,,,
HAT-P-13 c,805,14.28 Jupiters,10.421,2009,https://exoplanets.nasa.gov/exoplanet-catalog/255/hat-p-13-c/,Gas Giant,2009,14.28 Jupiters,1.1 x Jupiter,1.258 AU,446.3 days,0.66,,,,,,,,,,2.7,-2.7,0,1.4,0.1,-0.1,0,12.7,,,0,1.14,,,0,1938.7,317.8,-317.8,0,6.1,1,-1,0,Msini,0.19,0.02,-0.02,0,,,,,,,,,0,K4 III,4126,25,-25,0,38.3,1.1,-1.1,0,1.4,0.2,-0.2,0,-0.27,0.07,-0.07,0,[Fe/H],1.5,0.1,-0.1,0,14h50m42.36s,222.676495,+74d09m19.97s,74.155548,38.77472,0.781809,-0.781809,2.0569,0.023,-0.023,-1.287,0.204,-0.204,,,
,,,,,,,,,,,,,,,,,,,,,,,,,,,,,,,,,,,,,,,,,,,,,,,,,,,,,,,,,,,,,,,,,,,,,,,,,,,,,,,,,,,,,,,,,,,,,,,,
,,,,,,,,,0.5,-0.5,0,1.3,,,0,12.7,,,0,1.13,,,0,2129.461,95.349,-95.349,0,6.7,0.3,-0.3,0,Msini,0.11,0.03,-0.03,0,,,,,,,,,0,K2 III,4406,15,-15,0,21,,,0,1.7,0.1,-0.1,0,-0.094,0.001,-0.001,0,[Fe/H],1.94,0.08,-0.08,0,15h57m35.16s,239.3965057,+26d52m39.42s,26.8776171,69.8683,1.073,-1.0415,4.12577,0.023,-0.023,1.349,0.188,-0.188,3.75773,0.0038064,-0.0038064,,,,,,,,,,,,,
,,,,,,,,,,,,,,,,,,,,,,,,,,,,,,,,,,,,,,,,,,,,,,,,,,,,,,,,,,,,,,,,,,,,,,,,,,,,,,,,,,,,,,,,,,,,,,,,
HAT-P-15 b,628,1.94 Jupiters,12.41,2010,https://exoplanets.nasa.gov/exoplanet-catalog/1229/hat-p-15-b/,Gas Giant,2010,1.94 Jupiters,1.06 x Jupiter,0.0965 AU,10.9 days,0.19,,,,,,,,,,17,-23,0,3.53,0.03,-0.04,0,14.1,,,0,1.25,,,0,209.76675,38.13941,-28.60456,0,0.66,0.12,-0.09,0,Mass,0.07,0.07,-0.05,0,,,,,,,,,0,K2 V,5020.38,57.69,-57.69,0,0.76,0.01,-0.01,0,0.82,0.02,-0.02,0,-0.13,0.04,-0.04,0,[Fe/H],4.59,0.02,-0.02,0,03h32m54.82s,53.2284306,-09d27m29.42s,-9.4581715,3.2026,0.00483,-0.00483,3.71548,0.023,-0.023,1.776,0.286,-0.286,3.47719,0.0055451,-0.0055451
,,,,,,,,,,,,,,,,,,,,,,,,,,,,,,,,,,,,,,,,,,,,,,,,,,,,,,,,,,,,,,,,,,,,,,,,,,,,,,,,,,,,,,,,,,,,,,,,
,,,,,,,,,2100,-1740,0,11.55,0.98,-0.86,0,13.1,,,0,1.17,,,0,1032.9475,123.9537,-206.5895,0,3.25,0.39,-0.65,0,Mass,0.26,0.07,-0.03,0,,,,,,,,,0,K2 V,4754,89,-89,0,0.78,0.03,-0.08,0,0.75,0.04,-0.04,0,-0.134,0.025,-0.025,0,[M/H],4.57,0.11,-0.1,0,22h03m29.14s,330.8714021,-56d47m48.85s,-56.7969023,3.63857,0.00333,-0.00333,4.69,0.03,-0.03,2.237,0.24,-0.24,4.34562,0.007374,-0.007374,,,,,,,,,,,,,
,,,,,,,,,,,,,,,,,,,,,,,,,,,,,,,,,,,,,,,,,,,,,,,,,,,,,,,,,,,,,,,,,,,,,,,,,,,,,,,,,,,,,,,,,,,,,,,,
HAT-P-16 b,739,4.193 Jupiters,10.911,2010,https://exoplanets.nasa.gov/exoplanet-catalog/1230/hat-p-16-b/,Gas Giant,2010,4.193 Jupiters,1.289 x Jupiter,0.0413 AU,2.8 days,0.04,,,,,,,,,,5.3,-5.3,0,1.93,0.03,-0.03,0,12.6,,,0,1.13,,,0,2415.406,63.563,-63.563,0,7.6,0.2,-0.2,0,Msini,0.151,0.023,-0.023,0,,,,,,,,,0,K0 III,4901,20,,0,13.7,0.6,,0,2.7,0.1,,0,0.15,0.02,-0.02,0,[Fe/H],2.67,,,0,04h28m37.12s,67.1546573,+19d10m49.00s,19.1802782,47.52852,1.85235,-1.85235,3.523,0.023,-0.023,1.422,0.254,-0.254,3.27298,0.004088,-0.004088
,,,,,,,,,,,,,,,,,,,,,,,,,,,,,,,,,,,,,,,,,,,,,,,,,,,,,,,,,,,,,,,,,,,,,,,,,,,,,,,,,,,,,,,,,,,,,,,,
,,,,,,,,,1.25,-1.25,0,1.19,0.02,-0.02,0,12.5,,,0,1.12,,,0,2790.43,317.817,-317.817,0,8.78,1,-1,0,Msini,0.144,0.046,-0.046,0,,,,,,,,,0,K1 IIIb Fe-0.5,4330,15,,0,31.88,1.61,,0,1.23,0.21,,0,-0.469,0.017,-0.017,0,[M/H],1.66,0.13,-0.13,0,10h19m58.37s,154.993208,+19d50m29.00s,19.841389,39.8883,0.82736,-0.82736,1.99509,0.023,-0.023,-0.806,0.158,-0.158,,,,,,,,,,,,,,,,
,,,,,,,,,,,,,,,,,,,,,,,,,,,,,,,,,,,,,,,,,,,,,,,,,,,,,,,,,,,,,,,,,,,,,,,,,,,,,,,,,,,,,,,,,,,,,,,,
HAT-P-18 b,526,0.197 Jupiters,12.597,2010,https://exoplanets.nasa.gov/exoplanet-catalog/1232/hat-p-18-b/,Gas Giant,2010,0.197 Jupiters,0.995 x Jupiter,0.0559 AU,5.5 days,0.08,,,,,,,,,,1.5,-1.5,0,2.05,0.06,-0.06,0,12.5,,,0,1.12,,,0,2987.58703,222.47988,-349.61125,0,9.4,0.7,-1.1,0,Mass,0.049,0.034,-0.034,0,,,,,,,,,0,K1 IV,4888,,,0,4.9,,,0,1.4,0.12,-0.12,0,0.18,,,0,[Fe/H],3.33,,,0,23h39m20.60s,354.8358233,+77d37m59.16s,77.6331009,14.1024,0.0989298,-0.0989298,3.23006,0.023,-0.023,1.038,0.206,-0.206,2.92627,0.0056611,-0.0056611
,,,,,,,,,,,,,,,,,,,,,,,,,,,,,,,,,,,,,,,,,,,,,,,,,,,,,,,,,,,,,,,,,,,,,,,,,,,,,,,,,,,,,,,,,,,,,,,,
,,,,,,,,,1.8,-1.9,0,1.24,0.1,-0.1,0,13.8,,,0,1.23,,,0,324.1866,44.4962,-44.4962,0,1.02,0.14,-0.14,0,Msini,0.21,0.1,-0.1,0,,,,,,,,,0,K0 III,4822,15,-15,0,11.1,1.1,-0.3,0,1.47,0.2,-0.2,0,-0.3,0.03,-0.03,0,[Fe/H],2.47,0.07,-0.09,0,15h35m31.65s,233.8818636,-14d47m22.21s,-14.789502,47.4017,0.90845,-0.90845,3.90672,0.023,-0.023,1.524,0.23,-0.23,3.64937,0.0057055,-0.0057055,,,,,,,,,,,,,
,,,,,,,,,,,,,,,,,,,,,,,,,,,,,,,,,,,,,,,,,,,,,,,,,,,,,,,,,,,,,,,,,,,,,,,,,,,,,,,,,,,,,,,,,,,,,,,,
HAT-P-19 b,659,0.292 Jupiters,12.826,2010,https://exoplanets.nasa.gov/exoplanet-catalog/1342/hat-p-19-b/,Gas Giant,2010,0.292 Jupiters,1.132 x Jupiter,0.0466 AU,4 days,0.07,,,,,,,,,,3.1,-3.1,0,2.17,0.1,-0.1,0,12.9,,,0,1.15,,,0,1455.6614,143.0235,-136.6669,0,4.58,0.45,-0.43,0,Msini,0.057,0.034,-0.032,0,,,,,,,,,0,K0 III,4822,15,-15,0,11.1,1.1,-0.3,0,1.47,0.2,-0.2,0,-0.3,0.03,-0.03,0,[Fe/H],2.47,0.07,-0.09,0,15h35m31.65s,233.8818636,-14d47m22.21s,-14.789502,47.4017,0.90845,-0.90845,3.90672,0.023,-0.023,1.524,0.23,-0.23,3.64937,0.0057055,-0.0057055
,,,,,,,,,,,,,,,,,,,,,,,,,,,,,,,,,,,,,,,,,,,,,,,,,,,,,,,,,,,,,,,,,,,,,,,,,,,,,,,,,,,,,,,,,,,,,,,,
,,,,,,,,,6,-2.5,0,1.32,0.05,-0.08,0,13.6,,,0,1.22,,,0,425.89007,6.35657,-98.52681,0,1.34,0.02,-0.31,0,Msini,0.204,0.114,-0.141,0,,,,,,,,,0,G7 III,4742,,,0,11.2,0.22,-0.24,0,0.99,0.17,-0.13,0,-0.62,0.1,-0.11,0,[Fe/H],2.33,0.08,-0.07,0,23h17m10.72s,349.2946794,+03d16m56.52s,3.2823664,41.3107,0.6738,-0.6738,3.69252,0.023,-0.023,1.393,0.254,-0.254,3.41425,0.0054626,-0.0054626,,,,,,,,,,,,,
,,,,,,,,,,,,,,,,,,,,,,,,,,,,,,,,,,,,,,,,,,,,,,,,,,,,,,,,,,,,,,,,,,,,,,,,,,,,,,,,,,,,,,,,,,,,,,,,
HAT-P-1 b,519,0.525 Jupiters,9.827,2006,https://exoplanets.nasa.gov/exoplanet-catalog/5210/hat-p-1-b/,Gas Giant,2006,0.525 Jupiters,1.319 x Jupiter,0.05561 AU,4.5 days,0,,,,,,,,,,0.0128,-0.0128,0,1.453,0.026,-0.026,0,12.4,,,0,1.1,,,0,3756.73177,133.48793,-130.30965,0,11.82,0.42,-0.41,0,Msini,0.701,0.0016,-0.0017,0,,,,,,,,,0,K2 III,4504,62,-62,0,11.79,0.24,-0.24,0,1.54,0.09,-0.09,0,0.03,0.08,-0.08,0,[Fe/H],2.48,0.01,-0.01,0,15h24m55.76s,231.2323227,+58d57m58.11s,58.9661403,31.32832,0.500546,-0.500546,3.29668,0.023,-0.023,0.671,0.2,-0.2,2.96828,0.0051606,-0.0051606
,,,,,,,,,,,,,,,,,,,,,,,,,,,,,,,,,,,,,,,,,,,,,,,,,,,,,,,,,,,,,,,,,,,,,,,,,,,,,,,,,,,,,,,,,,,,,,,,
,,,,,,,,,22000,-13000,0,19.4,10,-7.7,0,12.2,,,0,1.09,,,0,4958.12315,4449.5977,-1620.92488,0,15.6,14,-5.1,0,Msini,0.455,0.12,-0.084,0,,,,,,,,,0,K2 III,4504,62,-62,0,11.79,0.24,-0.24,0,1.54,0.09,-0.09,0,0.03,0.08,-0.08,0,[Fe/H],2.48,0.01,-0.01,0,15h24m55.76s,231.2323227,+58d57m58.11s,58.9661403,31.32832,0.500546,-0.500546,3.29668,0.023,-0.023,0.671,0.2,-0.2,2.96828,0.0051606,-0.0051606,,,,,,,,,,,,,
,,,,,,,,,,,,,,,,,,,,,,,,,,,,,,,,,,,,,,,,,,,,,,,,,,,,,,,,,,,,,,,,,,,,,,,,,,,,,,,,,,,,,,,,,,,,,,,,
HAT-P-21 b,904,4.87 Jupiters,11.459,2010,https://exoplanets.nasa.gov/exoplanet-catalog/1343/hat-p-21-b/,Gas Giant,2010,4.87 Jupiters,1.11 x Jupiter,0.0494 AU,4.1 days,0.23,,,,,,,,,,,,,55,2,-2,0,12.3,,,0,1.1,,,0,4327.36,7323.224,-332.874,0,13.616,23.042,-1.047,0,Mass,,,,,,,,,1900,100,-200,0,0,B9 IV,10900,300,-300,0,2.31,0.07,-0.06,0,2.6,0.2,-0.2,0,-0.36,0.09,-0.09,0,[M/H],3.78,0.08,-0.08,0,23h40m24.62s,355.1025974,+44d20m01.86s,44.3338511,50.0177,0.8766,-0.8474,4.13791,0.023,-0.023,4.571,0.354,-0.354,4.13478,0.0041531,-0.0041531
,,,,,,,,,,,,,,,,,,,,,,,,,,,,,,,,,,,,,,,,,,,,,,,,,,,,,,,,,,,,,,,,,,,,,,,,,,,,,,,,,,,,,,,,,,,,,,,,
,,,,,,,,,14,-14,0,2.65,0.13,-0.13,0,13.4,,,0,1.19,,,0,635.66,,,0,2,,,0,Mass,0.167,0.032,-0.032,0,,,,,,,,,0,K0 III-IV,4871,,,0,4.85,,,0,1.5,,,0,0.15,0.05,-0.05,0,[Fe/H],3.26,,,0,15h51m13.92s,237.8080012,+35d39m21.17s,35.6558818,30.0651,0.09865,-0.09865,4.79734,0.023,-0.023,2.423,0.242,-0.242,4.52428,0.0044137,-0.0044137,,,,,,,,,,,,,
,,,,,,,,,,,,,,,,,,,,,,,,,,,,,,,,,,,,,,,,,,,,,,,,,,,,,,,,,,,,,,,,,,,,,,,,,,,,,,,,,,,,,,,,,,,,,,,,
HAT-P-25 b,980,0.569 Jupiters,13.146,2010,https://exoplanets.nasa.gov/exoplanet-catalog/1347/hat-p-25-b/,Gas Giant,2010,0.569 Jupiters,1.135 x Jupiter,0.0466 AU,3.7 days,0.02,,,,,,,,,,,,,242.4,114.5,-52.1,0,12.3,,,0,1.09,,,0,4576.72906,254.26273,-254.26273,0,14.4,0.8,-0.8,0,Mass,0.56,0.27,-0.26,0,,,,,,,,,0,B2 IV,21700,900,-900,0,5.6,0.2,-0.2,0,9.1,0.3,-0.3,0,,,,,,3.8,0.2,-0.2,0,16h52m20.13s,253.0838724,-38d01m03.48s,-38.0176339,,,,3.56,0.03,-0.03,4.292,0.312,-0.312,3.53617,0.0069492,-0.0069492
,,,,,,,,,,,,,,,,,,,,,,,,,,,,,,,,,,,,,,,,,,,,,,,,,,,,,,,,,,,,,,,,,,,,,,,,,,,,,,,,,,,,,,,,,,,,,,,,
,,,,,,,,,1.2,-1.2,0,1.1,0.1,-0.1,0,13.3,,,0,1.18,,,0,762.8,127.1,-127.1,0,2.4,0.4,-0.4,0,Msini,0.09,0.06,-0.06,0,,,,,,,,,0,K2 III,4538.2,27.5,-27.5,0,11.4,0.2,-0.2,0,1.5,0.1,-0.1,0,0.36,0.05,-0.05,0,[Fe/H],2.4,0.1,-0.1,0,09h52m45.57s,148.1898673,+26d00m24.17s,26.0067142,32.6081,0.4521,-0.4521,3.86648,0.023,-0.023,1.364,0.224,-0.224,3.52769,0.0031081,-0.0031081,,,,,,,,,,,,,
,,,,,,,,,,,,,,,,,,,,,,,,,,,,,,,,,,,,,,,,,,,,,,,,,,,,,,,,,,,,,,,,,,,,,,,,,,,,,,,,,,,,,,,,,,,,,,,,
HAT-P-26 b,463,22.2481 Earths,11.757,2010,https://exoplanets.nasa.gov/exoplanet-catalog/1348/hat-p-26-b/,Neptune-like,2010,22.2481 Earths,0.63 x Jupiter,0.0479 AU,4.2 days,0.12,,,,,,,,,,0.1,-0.1,0,1.79,,,0,12,,,0,1.07,,,0,7057.73298,,,0,22.206,,,0,Mass,0.124,0.003,-0.003,0,,,,,,,,,0,K0 III,4886,42,-42,0,14.6,0.3,-0.3,0,2.7,0.2,-0.2,0,0.06,0.1,-0.1,0,[Fe/H],2.56,0.04,-0.04,0,17h59m01.58s,269.7566013,-09d46m26.88s,-9.7741342,46.2107,1.73313,-1.73313,3.31216,0.023,-0.023,1.225,0.306,-0.306,3.09653,0.0164157,-0.0164157
,,,,,,,,,,,,,,,,,,,,,,,,,,,,,,,,,,,,,,,,,,,,,,,,,,,,,,,,,,,,,,,,,,,,,,,,,,,,,,,,,,,,,,,,,,,,,,,,
,,,,,,,,,5.93,-5.93,0,5.931,,,0,12,,,0,1.07,,,0,7838.32346,,,0,24.662,,,0,Mass,0.18,0.006,-0.006,0,,,,,,,,,0,K0 III,4886,42,-42,0,14.6,0.3,-0.3,0,2.7,0.2,-0.2,0,0.06,0.1,-0.1,0,[Fe/H],2.56,0.04,-0.04,0,17h59m01.58s,269.7566013,-09d46m26.88s,-9.7741342,46.2107,1.73313,-1.73313,3.31216,0.023,-0.023,1.225,0.306,-0.306,3.09653,0.0164157,-0.0164157,,,,,,,,,,,,,
,,,,,,,,,,,,,,,,,,,,,,,,,,,,,,,,,,,,,,,,,,,,,,,,,,,,,,,,,,,,,,,,,,,,,,,,,,,,,,,,,,,,,,,,,,,,,,,,
HAT-P-27 b,650,0.62 Jupiters,12.052,2011,https://exoplanets.nasa.gov/exoplanet-catalog/1349/hat-p-27-b/,Gas Giant,2011,0.62 Jupiters,1.02 x Jupiter,0.04 AU,3 days,0,,,,,,,,,,0.52,-0.51,0,1.1,,,0,13.5,,,0,1.2,,,0,540.3,,,0,1.7,,,0,Msini,0.106,0.079,-0.069,0,,,,,,,,,0,G8 III,4770,10,-10,0,12.3,0.88,-0.82,0,2.17,0.21,-0.29,0,-0.24,0.02,-0.02,0,[Fe/H],2.32,0.04,-0.04,0,15h50m17.58s,237.5732422,+02d11m46.69s,2.196304,76.7556,0.7949,-0.7949,5.21644,0.023,-0.023,2.929,0.224,-0.224,4.92833,0.0023375,-0.0023375
,,,,,,,,,,,,,,,,,,,,,,,,,,,,,,,,,,,,,,,,,,,,,,,,,,,,,,,,,,,,,,,,,,,,,,,,,,,,,,,,,,,,,,,,,,,,,,,,
,,,,,,,,,0.54,-0.54,0,0.83,,,0,13.6,,,0,1.21,,,0,476.745,,,0,1.5,,,0,Msini,0.191,0.085,-0.085,0,,,,,,,,,0,K0,4749,20,,0,10.5,0.7,,0,2.13,0.23,,0,-0.238,0.009,-0.009,0,[M/H],2.65,0.14,-0.14,0,15h20m08.42s,230.0350768,+29d36m57.68s,29.6160222,84.7883,0.5533,-0.5533,5.5052,0.023,-0.023,2.934,0.322,-0.322,5.22055,0.0017426,-0.0017426,,,,,,,,,,,,,
,,,,,,,,,,,,,,,,,,,,,,,,,,,,,,,,,,,,,,,,,,,,,,,,,,,,,,,,,,,,,,,,,,,,,,,,,,,,,,,,,,,,,,,,,,,,,,,,
HAT-P-2 b,417,8.7 Jupiters,8.72,2007,https://exoplanets.nasa.gov/exoplanet-catalog/1220/hat-p-2-b/,Gas Giant,2007,8.7 Jupiters,0.951 x Jupiter,0.06814 AU,5.6 days,0.52,,,,,,,,,,35,-35,0,3.9,,,0,13,,,0,1.16,,,0,1303.103,,,0,4.1,,,0,Msini,0.13,0.065,-0.065,0,,,,,,,,,0,G5 III,5242,10,,0,14.1,1,,0,3.09,0.07,,0,,,,,,,,,,08h30m15.59s,127.5649503,+60d43m03.74s,60.7177048,54.9149,2.06076,-2.06076,3.35214,0.023,-0.023,1.339,0.202,-0.202,3.14432,0.0007858,-0.0007858
,,,,,,,,,,,,,,,,,,,,,,,,,,,,,,,,,,,,,,,,,,,,,,,,,,,,,,,,,,,,,,,,,,,,,,,,,,,,,,,,,,,,,,,,,,,,,,,,
,,,,,,,,,0.00046,-0.00046,0,0.06839,0.0005,-0.0005,0,2.042,0.05,-0.05,0,0.182,0.004,-0.004,0,4.82,0.84,-0.86,0,0.01517,0.00264,-0.00271,0,Mass,0,,,0,309,29,-66,0,1170,3,-4,0,0,G0 V,6037,45,-45,0,1.1,0.02,-0.02,0,1.09,0.04,-0.04,0,0.08,0.03,-0.03,0,[Fe/H],4.42,0.03,-0.03,0,05h37m11.83s,84.2992798,-80d27m52.57s,-80.4646041,18.2702,0.0226,-0.0226,5.65,0.03,-0.03,4.241,0.027,-0.027,5.5128,0.0019464,-0.0019464,,,,,,,,,,,,,
,,,,,,,,,,,,,,,,,,,,,,,,,,,,,,,,,,,,,,,,,,,,,,,,,,,,,,,,,,,,,,,,,,,,,,,,,,,,,,,,,,,,,,,,,,,,,,,,
HAT-P-31 b,1122,2.27 Jupiters,11.667,2011,https://exoplanets.nasa.gov/exoplanet-catalog/1433/hat-p-31-b/,Gas Giant,2011,2.27 Jupiters,1.09 x Jupiter,0.061 AU,5 days,0.25,,,,,,,,,,0.48,-0.52,0,,,,,3.72,,,0,0.332,,,0,13.38,1.35,-1.35,0,0.0421,0.00425,-0.00425,0,Msini,0.22,0.079,-0.079,0,,,,,,,,,0,G0 V,5998,62,-62,0,1.19,0,0,0,1.07,0.04,-0.04,0,0.09,0.04,-0.04,0,[Fe/H],4.36,0.02,-0.02,0,05h37m11.83s,84.2992798,-80d27m52.57s,-80.4646041,18.2702,0.0226,-0.0226,5.65,0.03,-0.03,4.241,0.027,-0.027,5.5128,0.0019464,-0.0019464
,,,,,,,,,,,,,,,,,,,,,,,,,,,,,,,,,,,,,,,,,,,,,,,,,,,,,,,,,,,,,,,,,,,,,,,,,,,,,,,,,,,,,,,,,,,,,,,,
,,,,,,,,,42,-42,0,4.43,0.04,-0.04,0,13.5,,,0,1.21,,,0,486.2799,31.783,-31.783,0,1.53,0.1,-0.1,0,Msini,0.4,0.05,-0.05,0,,,,,,,,,0,G0 V,6212,75,-75,0,1.26,0.05,-0.04,0,1.19,0.07,-0.07,0,0.01,0.06,-0.06,0,[Fe/H],4.2,0.12,-0.12,0,17h41m58.22s,265.4925754,+72d09m20.56s,72.1557114,22.7188,0.0258,-0.0258,5.808,0.015,-0.015,4.527,0.023,-0.023,5.64766,0.0012207,-0.0012207,,,,,,,,,,,,,
,,,,,,,,,,,,,,,,,,,,,,,,,,,,,,,,,,,,,,,,,,,,,,,,,,,,,,,,,,,,,,,,,,,,,,,,,,,,,,,,,,,,,,,,,,,,,,,,
HAT-P-33 b,1292,0.92 Jupiters,11.032,2011,https://exoplanets.nasa.gov/exoplanet-catalog/1435/hat-p-33-b/,Gas Giant,2011,0.92 Jupiters,1.85 x Jupiter,0.04995 AU,3.5 days,0,,,,,,,,,,0.0015,-0.0014,0,0.2196,0.0024,-0.0025,0,13.8,,,0,1.23,,,0,332.1,7.5,-7.6,0,1.0449,0.0236,-0.02391,0,Msini,0.0373,0.004,-0.0039,0,34.7,2.1,-2,0,614,9,-9,0,0,G0 V,5627,54,-54,0,1.36,0.03,-0.03,0,0.89,0.03,-0.03,0,-0.31,0.05,-0.05,0,[Fe/H],4.12,0.02,-0.02,0,16h01m02.42s,240.2600639,+33d18m00.67s,33.3001861,17.4671,0.0241,-0.024,5.40816,0.023,-0.023,3.857,0.036,-0.036,5.24167,0.0021744,-0.0021744
,,,,,,,,,,,,,,,,,,,,,,,,,,,,,,,,,,,,,,,,,,,,,,,,,,,,,,,,,,,,,,,,,,,,,,,,,,,,,,,,,,,,,,,,,,,,,,,,
,,,,,,,,,0.17,-0.17,0,0.4123,0.0046,-0.0047,0,5.38,,,0,0.48,,,0,25,2,-2,0,0.07866,0.00629,-0.00629,0,Msini,0.052,0.061,-0.037,0,9.85,0.6,-0.56,0,448,7,-7,0,0,G0 V,5627,54,-54,0,1.36,0.03,-0.03,0,0.89,0.03,-0.03,0,-0.31,0.05,-0.05,0,[Fe/H],4.12,0.02,-0.02,0,16h01m02.42s,240.2600639,+33d18m00.67s,33.3001861,17.4671,0.0241,-0.024,5.40816,0.023,-0.023,3.857,0.036,-0.036,5.24167,0.0021744,-0.0021744,,,,,,,,,,,,,
,,,,,,,,,,,,,,,,,,,,,,,,,,,,,,,,,,,,,,,,,,,,,,,,,,,,,,,,,,,,,,,,,,,,,,,,,,,,,,,,,,,,,,,,,,,,,,,,
HAT-P-34 b,813,3.33 Jupiters,10.403,2011,https://exoplanets.nasa.gov/exoplanet-catalog/1436/hat-p-34-b/,Gas Giant,2011,3.33 Jupiters,1.197 x Jupiter,0.06774 AU,5.5 days,0.43,,,,,,,,,,0.0000069,-0.0000069,0,0.049,0.003,-0.003,0,12.8,,,0,1.14,,,0,1891,89,-89,0,5.95,0.28,-0.28,0,Mass,0.011,0.006,-0.006,0,,,,,,,,,0,F7 V,6466.27,115.27,-96.8,0,1.43,0.06,-0.05,0,1.32,0.24,-0.18,0,0.264,0.02,-0.02,0,[M/H],4.25,0.09,-0.07,0,13h47m15.23s,206.8134593,+17d27m25.79s,17.4571647,15.6521,0.0847,-0.0838,4.48635,0.023,-0.023,3.507,0.348,-0.348,4.36617,0.0064222,-0.0064222
,,,,,,,,,,,,,,,,,,,,,,,,,,,,,,,,,,,,,,,,,,,,,,,,,,,,,,,,,,,,,,,,,,,,,,,,,,,,,,,,,,,,,,,,,,,,,,,,
,,,,,,,,,1.08,-0.46,0,0.538,0.06,-0.06,0,1.81,,,0,0.161,,,0,3.93,0.83,-0.64,0,0.01237,0.00261,-0.00201,0,Msini,0.18,0.18,-0.14,0,,,,,,,,,0,G8.5V,5310,17,-17,0,0.83,0.02,-0.02,0,0.78,0.01,-0.01,0,-0.52,0.01,-0.01,0,[Fe/H],4.52,0.02,-0.01,0,01h44m02.23s,26.0093029,-15d56m01.68s,-15.9337987,3.60304,0.00678,-0.00675,3.49607,0.023,-0.023,1.794,0.274,-0.274,3.24854,0.0103988,-0.0103988,,,,,,,,,,,,,
,,,,,,,,,,,,,,,,,,,,,,,,,,,,,,,,,,,,,,,,,,,,,,,,,,,,,,,,,,,,,,,,,,,,,,,,,,,,,,,,,,,,,,,,,,,,,,,,
HAT-P-35 b,1654,1.056 Jupiters,12.389,2011,https://exoplanets.nasa.gov/exoplanet-catalog/257/hat-p-35-b/,Gas Giant,2011,1.056 Jupiters,1.332 x Jupiter,0.04978 AU,3.6 days,< 0.02,,,,,,,,,,11.7,-47.69,0,1.334,0.017,-0.044,0,1.81,,,0,0.161,,,0,3.93,1.05,-1.37,0,0.01237,0.0033,-0.00431,0,Msini,0.16,0.07,-0.16,0,,,,,,,,,0,G8.5V,5310,17,-17,0,0.83,0.02,-0.02,0,0.78,0.01,-0.01,0,-0.52,0.01,-0.01,0,[Fe/H],4.52,0.02,-0.01,0,01h44m02.23s,26.0093029,-15d56m01.68s,-15.9337987,3.60304,0.00678,-0.00675,3.49607,0.023,-0.023,1.794,0.274,-0.274,3.24854,0.0103988,-0.0103988
,,,,,,,,,,,,,,,,,,,,,,,,,,,,,,,,,,,,,,,,,,,,,,,,,,,,,,,,,,,,,,,,,,,,,,,,,,,,,,,,,,,,,,,,,,,,,,,,
,,,,,,,,,0.02,-0.01,0,0.133,0.001,-0.002,0,1.18,,,0,0.105,,,0,1.75,0.25,-0.4,0,0.00551,0.00079,-0.00126,0,Msini,0.06,0.13,-0.06,0,,,,,,,,,0,G8.5V,5310,17,-17,0,0.83,0.02,-0.02,0,0.78,0.01,-0.01,0,-0.52,0.01,-0.01,0,[Fe/H],4.52,0.02,-0.01,0,01h44m02.23s,26.0093029,-15d56m01.68s,-15.9337987,3.60304,0.00678,-0.00675,3.49607,0.023,-0.023,1.794,0.274,-0.274,3.24854,0.0103988,-0.0103988,,,,,,,,,,,,,
,,,,,,,,,,,,,,,,,,,,,,,,,,,,,,,,,,,,,,,,,,,,,,,,,,,,,,,,,,,,,,,,,,,,,,,,,,,,,,,,,,,,,,,,,,,,,,,,
HAT-P-36 b,960,1.8482 Jupiters,12.146,2011,https://exoplanets.nasa.gov/exoplanet-catalog/1252/hat-p-36-b/,Gas Giant,2011,1.8482 Jupiters,1.277 x Jupiter,0.0241 AU,1.3 days,0.06,,,,,,,,,,0.08,-0.1,0,0.243,0.003,-0.003,0,1.19,,,0,0.106,,,0,1.83,0.68,-0.26,0,0.00576,0.00214,-0.00082,0,Msini,0.23,0.16,-0.15,0,,,,,,,,,0,G8.5V,5310,17,-17,0,0.83,0.02,-0.02,0,0.78,0.01,-0.01,0,-0.52,0.01,-0.01,0,[Fe/H],4.52,0.02,-0.01,0,01h44m02.23s,26.0093029,-15d56m01.68s,-15.9337987,3.60304,0.00678,-0.00675,3.49607,0.023,-0.023,1.794,0.274,-0.274,3.24854,0.0103988,-0.0103988
,,,,,,,,,,,,,,,,,,,,,,,,,,,,,,,,,,,,,,,,,,,,,,,,,,,,,,,,,,,,,,,,,,,,,,,,,,,,,,,,,,,,,,,,,,,,,,,,
,,,,,,,,,0.1,-0.1,0,1.17,,,0,12.1,,,0,1.08,,,0,6547,,,0,20.6,,,0,Msini,0.031,0.009,-0.009,0,,,,,,,,,0,K2 III,4388,25,-25,0,26.8,0.7,-0.7,0,2.3,0.3,-0.3,0,0.14,0.1,-0.1,0,[Fe/H],1.96,0.08,-0.08,0,07h11m08.33s,107.7847232,+30d14m41.84s,30.2449545,112.537,4.253,-3.959,4.37799,0.023,-0.023,1.681,0.254,-0.254,4.03996,0.0067088,-0.0067088,,,,,,,,,,,,,
,,,,,,,,,,,,,,,,,,,,,,,,,,,,,,,,,,,,,,,,,,,,,,,,,,,,,,,,,,,,,,,,,,,,,,,,,,,,,,,,,,,,,,,,,,,,,,,,
HAT-P-37 b,1274,1.169 Jupiters,13.427,2011,https://exoplanets.nasa.gov/exoplanet-catalog/1253/hat-p-37-b/,Gas Giant,2011,1.169 Jupiters,1.178 x Jupiter,0.0379 AU,2.8 days,0.06,,,,,,,,,,0.000023,-0.000023,0,0.059222,0,0,0,14,,,0,1.25,,,0,218.531,1.39839,-1.39839,0,0.6876,0.0044,-0.0044,0,Msini,0.0215,0.0007,-0.0007,0,,,,,,,,,0,F8 V,6156.77,112.16,-112.16,0,1.56,,,0,1.3,,,0,0.101,0.01,-0.01,0,[M/H],4.13,0.02,-0.02,0,01h36m47.60s,24.1983534,+41d24m13.73s,41.4038147,13.4054,0.0635,-0.0629,4.09565,0.023,-0.023,2.859,0.274,-0.274,3.98687,0.0089371,-0.0089371
,,,,,,,,,,,,,,,,,,,,,,,,,,,,,,,,,,,,,,,,,,,,,,,,,,,,,,,,,,,,,,,,,,,,,,,,,,,,,,,,,,,,,,,,,,,,,,,,
,,,,,,,,,0.064,-0.064,0,0.827774,0.000015,-0.000015,0,12.3,,,0,1.1,,,0,4443.24113,731.00534,-1684.49056,0,13.98,2.3,-5.3,0,Mass,0.2596,0.0079,-0.0079,0,,,,,,,,,0,F8 V,6156.77,112.16,-112.16,0,1.56,,,0,1.3,,,0,0.101,0.01,-0.01,0,[M/H],4.13,0.02,-0.02,0,01h36m47.60s,24.1983534,+41d24m13.73s,41.4038147,13.4054,0.0635,-0.0629,4.09565,0.023,-0.023,2.859,0.274,-0.274,3.98687,0.0089371,-0.0089371,,,,,,,,,,,,,
,,,,,,,,,,,,,,,,,,,,,,,,,,,,,,,,,,,,,,,,,,,,,,,,,,,,,,,,,,,,,,,,,,,,,,,,,,,,,,,,,,,,,,,,,,,,,,,,
HAT-P-3 b,439,0.65 Jupiters,11.856,2007,https://exoplanets.nasa.gov/exoplanet-catalog/1221/hat-p-3-b/,Gas Giant,2007,0.65 Jupiters,0.94 x Jupiter,0.03866 AU,2.9 days,0,,,,,,,,,,0.57,-0.57,0,2.51329,0.00075,-0.00075,0,12.5,,,0,1.11,,,0,3257.74117,222.47988,-1048.83374,0,10.25,0.7,-3.3,0,Mass,0.2987,0.0072,-0.0072,0,,,,,,,,,0,F8 V,6156.77,112.16,-112.16,0,1.56,,,0,1.3,,,0,0.101,0.01,-0.01,0,[M/H],4.13,0.02,-0.02,0,01h36m47.60s,24.1983534,+41d24m13.73s,41.4038147,13.4054,0.0635,-0.0629,4.09565,0.023,-0.023,2.859,0.274,-0.274,3.98687,0.0089371,-0.0089371
,,,,,,,,,,,,,,,,,,,,,,,,,,,,,,,,,,,,,,,,,,,,,,,,,,,,,,,,,,,,,,,,,,,,,,,,,,,,,,,,,,,,,,,,,,,,,,,,
,,,,,,,,,2.8,-1.3,0,1.18,0.11,-0.32,0,14.2,,,0,1.27,,,0,162.09249,19.0697,-82.63539,0,0.51,0.06,-0.26,0,Msini,0.32,0.134,-0.218,0,,,,,,,,,0,G9 III,4836,,,0,11.22,3.15,-0.45,0,1.48,0.9,-0.38,0,-0.2,0.09,-0.08,0,[Fe/H],2.46,0.09,-0.09,0,11h36m56.93s,174.2372188,-00d49m24.83s,-0.8235643,52.5973,0.9272,-0.8963,4.3049,0.023,-0.023,2.184,0.248,-0.248,4.0304,0.008513,-0.008513,,,,,,,,,,,,,
,,,,,,,,,,,,,,,,,,,,,,,,,,,,,,,,,,,,,,,,,,,,,,,,,,,,,,,,,,,,,,,,,,,,,,,,,,,,,,,,,,,,,,,,,,,,,,,,
HAT-P-42 b,1322,1.044 Jupiters,12.125,2012,https://exoplanets.nasa.gov/exoplanet-catalog/1258/hat-p-42-b/,Gas Giant,2012,1.044 Jupiters,1.28 x Jupiter,0.0575 AU,4.6 days,0,,,,,,,,,,0.25,-0.25,0,0.68,,,0,13.2,,,0,1.18,,,0,890,,,0,2.8,,,0,Msini,0,,,0,,,,,,,,,0,G9 III,4780,30,-30,0,12,,,0,2.2,,,0,-0.205,0.039,-0.039,0,[Fe/H],2.66,0.11,-0.11,0,19h54m14.99s,298.5624491,+08d27m39.98s,8.4611051,56.1858,0.55975,-0.55975,4.70964,0.023,-0.023,2.171,0.22,-0.22,4.42501,0.0038369,-0.0038369
,,,,,,,,,,,,,,,,,,,,,,,,,,,,,,,,,,,,,,,,,,,,,,,,,,,,,,,,,,,,,,,,,,,,,,,,,,,,,,,,,,,,,,,,,,,,,,,,
11 UMi b,11 UMi,1,1,Radial Velocity,2009,Thueringer Landessternwarte Tautenburg,0,516.21997,,,,,,,,,,,,,,,,,,,,,,,,,,,,,,,,,,,,,,,,,,,,,,,,,,,,,,,,,,,,,,,,,,,,,,,,,,,,,,,,,,,,,,,,
,,,,,,,,,,,,,,,,,,,,,,,,,,,,,,,,,,,,,,,,,,,,,,,,,,,,,,,,,,,,,,,,,,,,,,,,,,,,,,,,,,,,,,,,,,,,,,,,
HAT-P-43 b,1725,0.662 Jupiters,13.279,2012,https://exoplanets.nasa.gov/exoplanet-catalog/1259/hat-p-43-b/,Gas Giant,2012,0.662 Jupiters,1.216 x Jupiter,0.0444 AU,3.3 days,< 0.21,14 And b,14 And,1,1,Radial Velocity,2008,Okayama Astrophysical Observatory,0,185.84,,,,,,,,,,,,,,,,,,,,,,,,,,,,,,,,,,,,,,,,,,,,,,,,,,,,,,,,,,,,,,,,,,,,,,,,,,,
,,,,,,,,,,,,,,,,,,,,,,,,,,,,,,,,,,,,,,,,,,,,,,,,,,,,,,,,,,,,,,,,,,,,,,,,,,,,,,,,,,,,,,,,,,,,,,,,
14 Her b,14 Her,1,2,Radial Velocity,2002,W. M. Keck Observatory,0,1773.40002,,,,,,,,,,,,,,,,,,,,,,,,,,,,,,,,,,,,,,,,,,,,,,,,,,,,,,,,,,,,,,,,,,,,,,,,,,,,,,,,,,,,,,,,
,,,,,,,,,,,,,,,,,,,,,,,,,,,,,,,,,,,,,,,,,,,,,,,,,,,,,,,,,,,,,,,,,,,,,,,,,,,,,,,,,,,,,,,,,,,,,,,,
HAT-P-44 b,1135,0.352 Jupiters,13.225,2014,https://exoplanets.nasa.gov/exoplanet-catalog/1260/hat-p-44-b/,Gas Giant,2014,0.352 Jupiters,1.242 x Jupiter,0.0507 AU,4.3 days,0.04,17 Sco b,17 Sco,1,1,Radial Velocity,2020,Lick Observatory,0,578.38,,,,,,,,,,,,,,,,,,,,,,,,,,,,,,,,,,,,,,,,,,,,,,,,,,,,,,,,,,,,,,,,,,,,,,,,,,,
,,,,,,,,,,,,,,,,,,,,,,,,,,,,,,,,,,,,,,,,,,,,,,,,,,,,,,,,,,,,,,,,,,,,,,,,,,,,,,,,,,,,,,,,,,,,,,,,
1RXS J160929.1-210524 b,1RXS J160929.1-210524,1,1,Imaging,2008,Gemini Observatory,0,,,,,,,,,,,,,,,,,,,,,,,,,,,,,,,,,,,,,,,,,,,,,,,,,,,,,,,,,,,,,,,,,,,,,,,,,,,,,,,,,,,,,,,,,
,,,,,,,,,,,,,,,,,,,,,,,,,,,,,,,,,,,,,,,,,,,,,,,,,,,,,,,,,,,,,,,,,,,,,,,,,,,,,,,,,,,,,,,,,,,,,,,,
HAT-P-44 c,1135,4 Jupiters,13.225,2014,https://exoplanets.nasa.gov/exoplanet-catalog/1261/hat-p-44-c/,Gas Giant,2014,4 Jupiters,1.16 x Jupiter,1.752 AU,2.4 years,0.49,24 Boo b,24 Boo,1,1,Radial Velocity,2018,Okayama Astrophysical Observatory,0,30.3506,,,,,,,,,,,,,,,,,,,,,,,,,,,,,,,,,,,,,,,,,,,,,,,,,,,,,,,,,,,,,,,,,,,,,,,,,,,
,,,,,,,,,,,,,,,,,,,,,,,,,,,,,,,,,,,,,,,,,,,,,,,,,,,,,,,,,,,,,,,,,,,,,,,,,,,,,,,,,,,,,,,,,,,,,,,,
24 Sex b,24 Sex,1,2,Radial Velocity,2010,Lick Observatory,0,452.8,,,,,,,,,,,,,,,,,,,,,,,,,,,,,,,,,,,,,,,,,,,,,,,,,,,,,,,,,,,,,,,,,,,,,,,,,,,,,,,,,,,,,,,,
,,,,,,,,,,,,,,,,,,,,,,,,,,,,,,,,,,,,,,,,,,,,,,,,,,,,,,,,,,,,,,,,,,,,,,,,,,,,,,,,,,,,,,,,,,,,,,,,
HAT-P-49 b,1143,2.2 Jupiters,10.205,2014,https://exoplanets.nasa.gov/exoplanet-catalog/457/hat-p-49-b/,Gas Giant,2014,2.2 Jupiters,1.59 x Jupiter,0.04378 AU,2.7 days,0,24 Sex c,24 Sex,1,2,Radial Velocity,2010,Lick Observatory,0,883,,,,,,,,,,,,,,,,,,,,,,,,,,,,,,,,,,,,,,,,,,,,,,,,,,,,,,,,,,,,,,,,,,,,,,,,,,,
,,,,,,,,,,,,,,,,,,,,,,,,,,,,,,,,,,,,,,,,,,,,,,,,,,,,,,,,,,,,,,,,,,,,,,,,,,,,,,,,,,,,,,,,,,,,,,,,
2M0437 b,2MASS J04372171+2651014,1,1,Imaging,2021,Subaru Telescope,0,,,,,,,,,,,,,,,,,,,,,,,,,,,,,,,,,,,,,,,,,,,,,,,,,,,,,,,,,,,,,,,,,,,,,,,,,,,,,,,,,,,,,,,,,
,,,,,,,,,,,,,,,,,,,,,,,,,,,,,,,,,,,,,,,,,,,,,,,,,,,,,,,,,,,,,,,,,,,,,,,,,,,,,,,,,,,,,,,,,,,,,,,,
HAT-P-4 b,1045,0.671 Jupiters,11.118,2007,https://exoplanets.nasa.gov/exoplanet-catalog/258/hat-p-4-b/,Gas Giant,2007,0.671 Jupiters,1.274 x Jupiter,0.04438 AU,3.1 days,0,2MASS J01225093-2439505 b,2MASS J01225093-2439505,1,1,Imaging,2013,W. M. Keck Observatory,0,,,,,,,,,,,,,,,,,,,,,,,,,,,,,,,,,,,,,,,,,,,,,,,,,,,,,,,,,,,,,,,,,,,,,,,,,,,,
,,,,,,,,,,,,,,,,,,,,,,,,,,,,,,,,,,,,,,,,,,,,,,,,,,,,,,,,,,,,,,,,,,,,,,,,,,,,,,,,,,,,,,,,,,,,,,,,
2MASS J02192210-3925225 b,2MASS J02192210-3925225,1,1,Imaging,2015,Cerro Tololo Inter-American Observatory,0,,,,,,,,,,,,,,,,,,,,,,,,,,,,,,,,,,,,,,,,,,,,,,,,,,,,,,,,,,,,,,,,,,,,,,,,,,,,,,,,,,,,,,,,,
,,,,,,,,,,,,,,,,,,,,,,,,,,,,,,,,,,,,,,,,,,,,,,,,,,,,,,,,,,,,,,,,,,,,,,,,,,,,,,,,,,,,,,,,,,,,,,,,
HAT-P-50 b,1681,1.35 Jupiters,11.703,2015,https://exoplanets.nasa.gov/exoplanet-catalog/4251/hat-p-50-b/,Gas Giant,2015,1.35 Jupiters,1.288 x Jupiter,0.0453 AU,3.1 days,< 0.115,2MASS J04414489+2301513 b,2MASS J04414489+2301513,1,1,Imaging,2010,Hubble Space Telescope,0,,,,,,,,,,,,,,,,,,,,,,,,,,,,,,,,,,,,,,,,,,,,,,,,,,,,,,,,,,,,,,,,,,,,,,,,,,,,
,,,,,,,,,,,,,,,,,,,,,,,,,,,,,,,,,,,,,,,,,,,,,,,,,,,,,,,,,,,,,,,,,,,,,,,,,,,,,,,,,,,,,,,,,,,,,,,,
2MASS J12073346-3932539 b,2MASS J12073346-3932539,1,1,Imaging,2004,Paranal Observatory,0,,,,,,,,,,,,,,,,,,,,,,,,,,,,,,,,,,,,,,,,,,,,,,,,,,,,,,,,,,,,,,,,,,,,,,,,,,,,,,,,,,,,,,,,,
,,,,,,,,,,,,,,,,,,,,,,,,,,,,,,,,,,,,,,,,,,,,,,,,,,,,,,,,,,,,,,,,,,,,,,,,,,,,,,,,,,,,,,,,,,,,,,,,
HAT-P-42 b,1322,1.044 Jupiters,12.125,2012,https://exoplanets.nasa.gov/exoplanet-catalog/1258/hat-p-42-b/,Gas Giant,2012,1.044 Jupiters,1.28 x Jupiter,0.0575 AU,4.6 days,0,2MASS J21402931+1625183 A b,2MASS J21402931+1625183 A,1,1,Imaging,2009,W. M. Keck Observatory,0,7336.5,,,,,,,,,,,,,,,,,,,,,,,,,,,,,,,,,,,,,,,,,,,,,,,,,,,,,,,,,,,,,,,,,,,,,,,,,,,
,,,,,,,,,,,,,,,,,,,,,,,,,,,,,,,,,,,,,,,,,,,,,,,,,,,,,,,,,,,,,,,,,,,,,,,,,,,,,,,,,,,,,,,,,,,,,,,,
2MASS J22362452+4751425 b,2MASS J22362452+4751425,1,1,Imaging,2016,W. M. Keck Observatory,0,,,,,,,,,,,,,,,,,,,,,,,,,,,,,,,,,,,,,,,,,,,,,,,,,,,,,,,,,,,,,,,,,,,,,,,,,,,,,,,,,,,,,,,,,
,,,,,,,,,,,,,,,,,,,,,,,,,,,,,,,,,,,,,,,,,,,,,,,,,,,,,,,,,,,,,,,,,,,,,,,,,,,,,,,,,,,,,,,,,,,,,,,,
HAT-P-43 b,1725,0.662 Jupiters,13.279,2012,https://exoplanets.nasa.gov/exoplanet-catalog/1259/hat-p-43-b/,Gas Giant,2012,0.662 Jupiters,1.216 x Jupiter,0.0444 AU,3.3 days,< 0.21,4 UMa b,4 UMa,1,1,Radial Velocity,2006,Thueringer Landessternwarte Tautenburg,0,269.3,,,,,,,,,,,,,,,,,,,,,,,,,,,,,,,,,,,,,,,,,,,,,,,,,,,,,,,,,,,,,,,,,,,,,,,,,,,
,,,,,,,,,,,,,,,,,,,,,,,,,,,,,,,,,,,,,,,,,,,,,,,,,,,,,,,,,,,,,,,,,,,,,,,,,,,,,,,,,,,,,,,,,,,,,,,,
47 UMa b,47 UMa,1,3,Radial Velocity,1996,Lick Observatory,0,1078,,,,,,,,,,,,,,,,,,,,,,,,,,,,,,,,,,,,,,,,,,,,,,,,,,,,,,,,,,,,,,,,,,,,,,,,,,,,,,,,,,,,,,,,
,,,,,,,,,,,,,,,,,,,,,,,,,,,,,,,,,,,,,,,,,,,,,,,,,,,,,,,,,,,,,,,,,,,,,,,,,,,,,,,,,,,,,,,,,,,,,,,,
HAT-P-44 b,1135,0.352 Jupiters,13.225,2014,https://exoplanets.nasa.gov/exoplanet-catalog/1260/hat-p-44-b/,Gas Giant,2014,0.352 Jupiters,1.242 x Jupiter,0.0507 AU,4.3 days,0.04,47 UMa c,47 UMa,1,3,Radial Velocity,2001,Lick Observatory,0,2391,,,,,,,,,,,,,,,,,,,,,,,,,,,,,,,,,,,,,,,,,,,,,,,,,,,,,,,,,,,,,,,,,,,,,,,,,,,
,,,,,,,,,,,,,,,,,,,,,,,,,,,,,,,,,,,,,,,,,,,,,,,,,,,,,,,,,,,,,,,,,,,,,,,,,,,,,,,,,,,,,,,,,,,,,,,,
47 UMa d,47 UMa,1,3,Radial Velocity,2009,Lick Observatory,0,14002,,,,,,,,,,,,,,,,,,,,,,,,,,,,,,,,,,,,,,,,,,,,,,,,,,,,,,,,,,,,,,,,,,,,,,,,,,,,,,,,,,,,,,,,
,,,,,,,,,,,,,,,,,,,,,,,,,,,,,,,,,,,,,,,,,,,,,,,,,,,,,,,,,,,,,,,,,,,,,,,,,,,,,,,,,,,,,,,,,,,,,,,,
HAT-P-44 c,1135,4 Jupiters,13.225,2014,https://exoplanets.nasa.gov/exoplanet-catalog/1261/hat-p-44-c/,Gas Giant,2014,4 Jupiters,1.16 x Jupiter,1.752 AU,2.4 years,0.49,51 Peg b,51 Peg,1,1,Radial Velocity,1995,Haute-Provence Observatory,0,4.230785,,,,,,,,,,,,,,,,,,,,,,,,,,,,,,,,,,,,,,,,,,,,,,,,,,,,,,,,,,,,,,,,,,,,,,,,,,,
,,,,,,,,,,,,,,,,,,,,,,,,,,,,,,,,,,,,,,,,,,,,,,,,,,,,,,,,,,,,,,,,,,,,,,,,,,,,,,,,,,,,,,,,,,,,,,,,
6 Lyn b,6 Lyn,1,1,Radial Velocity,2008,Okayama Astrophysical Observatory,0,934.3,,,,,,,,,,,,,,,,,,,,,,,,,,,,,,,,,,,,,,,,,,,,,,,,,,,,,,,,,,,,,,,,,,,,,,,,,,,,,,,,,,,,,,,,
,,,,,,,,,,,,,,,,,,,,,,,,,,,,,,,,,,,,,,,,,,,,,,,,,,,,,,,,,,,,,,,,,,,,,,,,,,,,,,,,,,,,,,,,,,,,,,,,
HAT-P-49 b,1143,2.2 Jupiters,10.205,2014,https://exoplanets.nasa.gov/exoplanet-catalog/457/hat-p-49-b/,Gas Giant,2014,2.2 Jupiters,1.59 x Jupiter,0.04378 AU,2.7 days,0,61 Vir b,61 Vir,1,3,Radial Velocity,2009,Multiple Observatories,0,4.215,,,,,,,,,,,,,,,,,,,,,,,,,,,,,,,,,,,,,,,,,,,,,,,,,,,,,,,,,,,,,,,,,,,,,,,,,,,
,,,,,,,,,,,,,,,,,,,,,,,,,,,,,,,,,,,,,,,,,,,,,,,,,,,,,,,,,,,,,,,,,,,,,,,,,,,,,,,,,,,,,,,,,,,,,,,,
61 Vir c,61 Vir,1,3,Radial Velocity,2009,Multiple Observatories,0,38.021,,,,,,,,,,,,,,,,,,,,,,,,,,,,,,,,,,,,,,,,,,,,,,,,,,,,,,,,,,,,,,,,,,,,,,,,,,,,,,,,,,,,,,,,
,,,,,,,,,,,,,,,,,,,,,,,,,,,,,,,,,,,,,,,,,,,,,,,,,,,,,,,,,,,,,,,,,,,,,,,,,,,,,,,,,,,,,,,,,,,,,,,,
HAT-P-4 b,1045,0.671 Jupiters,11.118,2007,https://exoplanets.nasa.gov/exoplanet-catalog/258/hat-p-4-b/,Gas Giant,2007,0.671 Jupiters,1.274 x Jupiter,0.04438 AU,3.1 days,0,61 Vir d,61 Vir,1,3,Radial Velocity,2009,Multiple Observatories,0,123.01,,,,,,,,,,,,,,,,,,,,,,,,,,,,,,,,,,,,,,,,,,,,,,,,,,,,,,,,,,,,,,,,,,,,,,,,,,,
,,,,,,,,,,,,,,,,,,,,,,,,,,,,,,,,,,,,,,,,,,,,,,,,,,,,,,,,,,,,,,,,,,,,,,,,,,,,,,,,,,,,,,,,,,,,,,,,
7 CMa b,7 CMa,1,2,Radial Velocity,2011,Anglo-Australian Telescope,0,735.1,,,,,,,,,,,,,,,,,,,,,,,,,,,,,,,,,,,,,,,,,,,,,,,,,,,,,,,,,,,,,,,,,,,,,,,,,,,,,,,,,,,,,,,,
,,,,,,,,,,,,,,,,,,,,,,,,,,,,,,,,,,,,,,,,,,,,,,,,,,,,,,,,,,,,,,,,,,,,,,,,,,,,,,,,,,,,,,,,,,,,,,,,
HAT-P-50 b,1681,1.35 Jupiters,11.703,2015,https://exoplanets.nasa.gov/exoplanet-catalog/4251/hat-p-50-b/,Gas Giant,2015,1.35 Jupiters,1.288 x Jupiter,0.0453 AU,3.1 days,< 0.115,7 CMa c,7 CMa,1,2,Radial Velocity,2019,Multiple Observatories,0,996,,,,,,,,,,,,,,,,,,,,,,,,,,,,,,,,,,,,,,,,,,,,,,,,,,,,,,,,,,,,,,,,,,,,,,,,,,,
,,,,,,,,,,,,,,,,,,,,,,,,,,,,,,,,,,,,,,,,,,,,,,,,,,,,,,,,,,,,,,,,,,,,,,,,,,,,,,,,,,,,,,,,,,,,,,,,
70 Vir b,70 Vir,1,1,Radial Velocity,1996,Lick Observatory,0,116.688,,,,,,,,,,,,,,,,,,,,,,,,,,,,,,,,,,,,,,,,,,,,,,,,,,,,,,,,,,,,,,,,,,,,,,,,,,,,,,,,,,,,,,,,
,,,,,,,,,,,,,,,,,,,,,,,,,,,,,,,,,,,,,,,,,,,,,,,,,,,,,,,,,,,,,,,,,,,,,,,,,,,,,,,,,,,,,,,,,,,,,,,,
HAT-P-55 b,1668,0.582 Jupiters,13.197,2015,https://exoplanets.nasa.gov/exoplanet-catalog/5470/hat-p-55-b/,Gas Giant,2015,0.582 Jupiters,1.182 x Jupiter,0.04604 AU,3.6 days,< 0.139,8 UMi b,8 UMi,1,1,Radial Velocity,2015,Bohyunsan Optical Astronomical Observatory,0,93.4,,,,,,,,,,,,,,,,,,,,,,,,,,,,,,,,,,,,,,,,,,,,,,,,,,,,,,,,,,,,,,,,,,,,,,,,,,,
,,,,,,,,,,,,,,,,,,,,,,,,,,,,,,,,,,,,,,,,,,,,,,,,,,,,,,,,,,,,,,,,,,,,,,,,,,,,,,,,,,,,,,,,,,,,,,,,
81 Cet b,81 Cet,1,1,Radial Velocity,2008,Okayama Astrophysical Observatory,0,952.7,,,,,,,,,,,,,,,,,,,,,,,,,,,,,,,,,,,,,,,,,,,,,,,,,,,,,,,,,,,,,,,,,,,,,,,,,,,,,,,,,,,,,,,,
,,,,,,,,,,,,,,,,,,,,,,,,,,,,,,,,,,,,,,,,,,,,,,,,,,,,,,,,,,,,,,,,,,,,,,,,,,,,,,,,,,,,,,,,,,,,,,,,
HAT-P-56 b,1046,2.31 Jupiters,10.92,2015,https://exoplanets.nasa.gov/exoplanet-catalog/5472/hat-p-56-b/,Gas Giant,2015,2.31 Jupiters,1.51 x Jupiter,0.0423 AU,2.8 days,< 0.29,AB Aur b,AB Aur,1,1,Imaging,2022,Subaru Telescope,0,,,,,,,,,,,,,,,,,,,,,,,,,,,,,,,,,,,,,,,,,,,,,,,,,,,,,,,,,,,,,,,,,,,,,,,,,,,,
,,,,,,,,,,,,,,,,,,,,,,,,,,,,,,,,,,,,,,,,,,,,,,,,,,,,,,,,,,,,,,,,,,,,,,,,,,,,,,,,,,,,,,,,,,,,,,,,
AB Pic b,AB Pic,1,1,Imaging,2005,Paranal Observatory,0,,,,,,,,,,,,,,,,,,,,,,,,,,,,,,,,,,,,,,,,,,,,,,,,,,,,,,,,,,,,,,,,,,,,,,,,,,,,,,,,,,,,,,,,,
,,,,,,,,,,,,,,,,,,,,,,,,,,,,,,,,,,,,,,,,,,,,,,,,,,,,,,,,,,,,,,,,,,,,,,,,,,,,,,,,,,,,,,,,,,,,,,,,
HAT-P-59 b,866,1.54 Jupiters,11.64,2021,https://exoplanets.nasa.gov/exoplanet-catalog/7913/hat-p-59-b/,Gas Giant,2021,1.54 Jupiters,1.123 x Jupiter,0.05064 AU,4.1 days,< 0.03,AU Mic b,AU Mic,1,2,Transit,2020,Transiting Exoplanet Survey Satellite (TESS),0,8.4629991,,,,,,,,,,,,,,,,,,,,,,,,,,,,,,,,,,,,,,,,,,,,,,,,,,,,,,,,,,,,,,,,,,,,,,,,,,,
,,,,,,,,,,,,,,,,,,,,,,,,,,,,,,,,,,,,,,,,,,,,,,,,,,,,,,,,,,,,,,,,,,,,,,,,,,,,,,,,,,,,,,,,,,,,,,,,
AU Mic c,AU Mic,1,2,Transit,2021,Transiting Exoplanet Survey Satellite (TESS),0,18.858991,,,,,,,,,,,,,,,,,,,,,,,,,,,,,,,,,,,,,,,,,,,,,,,,,,,,,,,,,,,,,,,,,,,,,,,,,,,,,,,,,,,,,,,,
,,,,,,,,,,,,,,,,,,,,,,,,,,,,,,,,,,,,,,,,,,,,,,,,,,,,,,,,,,,,,,,,,,,,,,,,,,,,,,,,,,,,,,,,,,,,,,,,
HAT-P-5 b,989,0.98 Jupiters,11.954,2007,https://exoplanets.nasa.gov/exoplanet-catalog/1222/hat-p-5-b/,Gas Giant,2007,0.98 Jupiters,1.21 x Jupiter,0.04073 AU,2.8 days,0,BD+03 2562 b,BD+03 2562,1,1,Radial Velocity,2017,Multiple Observatories,0,481.9,,,,,,,,,,,,,,,,,,,,,,,,,,,,,,,,,,,,,,,,,,,,,,,,,,,,,,,,,,,,,,,,,,,,,,,,,,,
,,,,,,,,,,,,,,,,,,,,,,,,,,,,,,,,,,,,,,,,,,,,,,,,,,,,,,,,,,,,,,,,,,,,,,,,,,,,,,,,,,,,,,,,,,,,,,,,
BD+14 4559 b,BD+14 4559,1,1,Radial Velocity,2009,McDonald Observatory,0,268.94,,,,,,,,,,,,,,,,,,,,,,,,,,,,,,,,,,,,,,,,,,,,,,,,,,,,,,,,,,,,,,,,,,,,,,,,,,,,,,,,,,,,,,,,
,,,,,,,,,,,,,,,,,,,,,,,,,,,,,,,,,,,,,,,,,,,,,,,,,,,,,,,,,,,,,,,,,,,,,,,,,,,,,,,,,,,,,,,,,,,,,,,,
HAT-P-60 b,761,0.574 Jupiters,9.727,2021,https://exoplanets.nasa.gov/exoplanet-catalog/7914/hat-p-60-b/,Gas Giant,2021,0.574 Jupiters,1.631 x Jupiter,0.06277 AU,4.8 days,< 0.25,BD+15 2375 b,BD+15 2375,1,1,Radial Velocity,2016,Roque de los Muchachos Observatory,0,153.22,,,,,,,,,,,,,,,,,,,,,,,,,,,,,,,,,,,,,,,,,,,,,,,,,,,,,,,,,,,,,,,,,,,,,,,,,,,
,,,,,,,,,,,,,,,,,,,,,,,,,,,,,,,,,,,,,,,,,,,,,,,,,,,,,,,,,,,,,,,,,,,,,,,,,,,,,,,,,,,,,,,,,,,,,,,,
BD+15 2940 b,BD+15 2940,1,1,Radial Velocity,2013,McDonald Observatory,0,137.48,,,,,,,,,,,,,,,,,,,,,,,,,,,,,,,,,,,,,,,,,,,,,,,,,,,,,,,,,,,,,,,,,,,,,,,,,,,,,,,,,,,,,,,,
,,,,,,,,,,,,,,,,,,,,,,,,,,,,,,,,,,,,,,,,,,,,,,,,,,,,,,,,,,,,,,,,,,,,,,,,,,,,,,,,,,,,,,,,,,,,,,,,
HAT-P-61 b,1105,1.057 Jupiters,13.096,2021,https://exoplanets.nasa.gov/exoplanet-catalog/7915/hat-p-61-b/,Gas Giant,2021,1.057 Jupiters,0.899 x Jupiter,0.0301 AU,1.9 days,< 0.113,BD+20 2457 b,BD+20 2457,1,2,Radial Velocity,2009,McDonald Observatory,0,379.63,,,,,,,,,,,,,,,,,,,,,,,,,,,,,,,,,,,,,,,,,,,,,,,,,,,,,,,,,,,,,,,,,,,,,,,,,,,
,,,,,,,,,,,,,,,,,,,,,,,,,,,,,,,,,,,,,,,,,,,,,,,,,,,,,,,,,,,,,,,,,,,,,,,,,,,,,,,,,,,,,,,,,,,,,,,,
BD+20 2457 c,BD+20 2457,1,2,Radial Velocity,2009,McDonald Observatory,0,621.99,,,,,,,,,,,,,,,,,,,,,,,,,,,,,,,,,,,,,,,,,,,,,,,,,,,,,,,,,,,,,,,,,,,,,,,,,,,,,,,,,,,,,,,,
,,,,,,,,,,,,,,,,,,,,,,,,,,,,,,,,,,,,,,,,,,,,,,,,,,,,,,,,,,,,,,,,,,,,,,,,,,,,,,,,,,,,,,,,,,,,,,,,
HAT-P-64 b,2126,0.58 Jupiters,12.855,2021,https://exoplanets.nasa.gov/exoplanet-catalog/7918/hat-p-64-b/,Gas Giant,2021,0.58 Jupiters,1.703 x Jupiter,0.05387 AU,4 days,< 0.101,BD+20 274 b,BD+20 274,1,1,Radial Velocity,2012,McDonald Observatory,0,578.2,,,,,,,,,,,,,,,,,,,,,,,,,,,,,,,,,,,,,,,,,,,,,,,,,,,,,,,,,,,,,,,,,,,,,,,,,,,
,,,,,,,,,,,,,,,,,,,,,,,,,,,,,,,,,,,,,,,,,,,,,,,,,,,,,,,,,,,,,,,,,,,,,,,,,,,,,,,,,,,,,,,,,,,,,,,,
BD+20 594 b,BD+20 594,1,1,Transit,2016,K2,0,41.6855,,,,,,,,,,,,,,,,,,,,,,,,,,,,,,,,,,,,,,,,,,,,,,,,,,,,,,,,,,,,,,,,,,,,,,,,,,,,,,,,,,,,,,,,
,,,,,,,,,,,,,,,,,,,,,,,,,,,,,,,,,,,,,,,,,,,,,,,,,,,,,,,,,,,,,,,,,,,,,,,,,,,,,,,,,,,,,,,,,,,,,,,,
HAT-P-66 b,3051,0.783 Jupiters,13.014,2016,https://exoplanets.nasa.gov/exoplanet-catalog/3391/hat-p-66-b/,Gas Giant,2016,0.783 Jupiters,1.59 x Jupiter,0.04363 AU,3 days,< 0.09,BD+45 564 b,BD+45 564,1,1,Radial Velocity,2021,Haute-Provence Observatory,0,307.88,,,,,,,,,,,,,,,,,,,,,,,,,,,,,,,,,,,,,,,,,,,,,,,,,,,,,,,,,,,,,,,,,,,,,,,,,,,
,,,,,,,,,,,,,,,,,,,,,,,,,,,,,,,,,,,,,,,,,,,,,,,,,,,,,,,,,,,,,,,,,,,,,,,,,,,,,,,,,,,,,,,,,,,,,,,,
BD+48 738 b,BD+48 738,1,1,Radial Velocity,2011,McDonald Observatory,0,392.6,,,,,,,,,,,,,,,,,,,,,,,,,,,,,,,,,,,,,,,,,,,,,,,,,,,,,,,,,,,,,,,,,,,,,,,,,,,,,,,,,,,,,,,,
,,,,,,,,,,,,,,,,,,,,,,,,,,,,,,,,,,,,,,,,,,,,,,,,,,,,,,,,,,,,,,,,,,,,,,,,,,,,,,,,,,,,,,,,,,,,,,,,
HAT-P-67 b,1212,0.34 Jupiters,10.106,2017,https://exoplanets.nasa.gov/exoplanet-catalog/3485/hat-p-67-b/,Gas Giant,2017,0.34 Jupiters,2.085 x Jupiter,0.06505 AU,4.8 days,0,BD+48 740 b,BD+48 740,1,1,Radial Velocity,2018,Multiple Observatories,0,733,,,,,,,,,,,,,,,,,,,,,,,,,,,,,,,,,,,,,,,,,,,,,,,,,,,,,,,,,,,,,,,,,,,,,,,,,,,
,,,,,,,,,,,,,,,,,,,,,,,,,,,,,,,,,,,,,,,,,,,,,,,,,,,,,,,,,,,,,,,,,,,,,,,,,,,,,,,,,,,,,,,,,,,,,,,,
BD+49 828 b,BD+49 828,1,1,Radial Velocity,2015,McDonald Observatory,0,2590,,,,,,,,,,,,,,,,,,,,,,,,,,,,,,,,,,,,,,,,,,,,,,,,,,,,,,,,,,,,,,,,,,,,,,,,,,,,,,,,,,,,,,,,
,,,,,,,,,,,,,,,,,,,,,,,,,,,,,,,,,,,,,,,,,,,,,,,,,,,,,,,,,,,,,,,,,,,,,,,,,,,,,,,,,,,,,,,,,,,,,,,,
HAT-P-68 b,659,0.724 Jupiters,13.802,2020,https://exoplanets.nasa.gov/exoplanet-catalog/7794/hat-p-68-b/,Gas Giant,2020,0.724 Jupiters,1.072 x Jupiter,0.02996 AU,2.3 days,< 0.041,BD+55 362 b,BD+55 362,1,1,Radial Velocity,2021,Haute-Provence Observatory,0,265.59,,,,,,,,,,,,,,,,,,,,,,,,,,,,,,,,,,,,,,,,,,,,,,,,,,,,,,,,,,,,,,,,,,,,,,,,,,,
,,,,,,,,,,,,,,,,,,,,,,,,,,,,,,,,,,,,,,,,,,,,,,,,,,,,,,,,,,,,,,,,,,,,,,,,,,,,,,,,,,,,,,,,,,,,,,,,
BD+60 1417 b,BD+60 1417,1,1,Imaging,2021,Wide-field Infrared Survey Explorer (WISE) Sat,0,,,,,,,,,,,,,,,,,,,,,,,,,,,,,,,,,,,,,,,,,,,,,,,,,,,,,,,,,,,,,,,,,,,,,,,,,,,,,,,,,,,,,,,,,
,,,,,,,,,,,,,,,,,,,,,,,,,,,,,,,,,,,,,,,,,,,,,,,,,,,,,,,,,,,,,,,,,,,,,,,,,,,,,,,,,,,,,,,,,,,,,,,,
HAT-P-69 b,1113,3.58 Jupiters,9.774,2019,https://exoplanets.nasa.gov/exoplanet-catalog/7454/hat-p-69-b/,Gas Giant,2019,3.58 Jupiters,1.676 x Jupiter,0.06555 AU,4.8 days,0,BD+63 1405 b,BD+63 1405,1,1,Radial Velocity,2021,Haute-Provence Observatory,0,1198.48,,,,,,,,,,,,,,,,,,,,,,,,,,,,,,,,,,,,,,,,,,,,,,,,,,,,,,,,,,,,,,,,,,,,,,,,,,,
,,,,,,,,,,,,,,,,,,,,,,,,,,,,,,,,,,,,,,,,,,,,,,,,,,,,,,,,,,,,,,,,,,,,,,,,,,,,,,,,,,,,,,,,,,,,,,,,
BD-00 4475 b,BD-00 4475,1,1,Radial Velocity,2021,Haute-Provence Observatory,0,723.2,,,,,,,,,,,,,,,,,,,,,,,,,,,,,,,,,,,,,,,,,,,,,,,,,,,,,,,,,,,,,,,,,,,,,,,,,,,,,,,,,,,,,,,,
,,,,,,,,,,,,,,,,,,,,,,,,,,,,,,,,,,,,,,,,,,,,,,,,,,,,,,,,,,,,,,,,,,,,,,,,,,,,,,,,,,,,,,,,,,,,,,,,
HAT-P-70 b,1079,6.78 Jupiters,9.47,2019,https://exoplanets.nasa.gov/exoplanet-catalog/7455/hat-p-70-b/,Gas Giant,2019,6.78 Jupiters,1.87 x Jupiter,0.04739 AU,2.7 days,0,BD-06 1339 b,BD-06 1339,1,2,Radial Velocity,2013,La Silla Observatory,0,3.8728,,,,,,,,,,,,,,,,,,,,,,,,,,,,,,,,,,,,,,,,,,,,,,,,,,,,,,,,,,,,,,,,,,,,,,,,,,,
,,,,,,,,,,,,,,,,,,,,,,,,,,,,,,,,,,,,,,,,,,,,,,,,,,,,,,,,,,,,,,,,,,,,,,,,,,,,,,,,,,,,,,,,,,,,,,,,
BD-06 1339 c,BD-06 1339,1,2,Radial Velocity,2013,La Silla Observatory,0,125.94,,,,,,,,,,,,,,,,,,,,,,,,,,,,,,,,,,,,,,,,,,,,,,,,,,,,,,,,,,,,,,,,,,,,,,,,,,,,,,,,,,,,,,,,
,,,,,,,,,,,,,,,,,,,,,,,,,,,,,,,,,,,,,,,,,,,,,,,,,,,,,,,,,,,,,,,,,,,,,,,,,,,,,,,,,,,,,,,,,,,,,,,,
HAT-P-7 b,1113,1.84 Jupiters,10.481,2008,https://exoplanets.nasa.gov/exoplanet-catalog/1717/hat-p-7-b/,Gas Giant,2008,1.84 Jupiters,1.51 x Jupiter,0.03676 AU,2.2 days,0,BD-08 2823 b,BD-08 2823,1,2,Radial Velocity,2009,La Silla Observatory,0,5.6,,,,,,,,,,,,,,,,,,,,,,,,,,,,,,,,,,,,,,,,,,,,,,,,,,,,,,,,,,,,,,,,,,,,,,,,,,,
,,,,,,,,,,,,,,,,,,,,,,,,,,,,,,,,,,,,,,,,,,,,,,,,,,,,,,,,,,,,,,,,,,,,,,,,,,,,,,,,,,,,,,,,,,,,,,,,
BD-08 2823 c,BD-08 2823,1,2,Radial Velocity,2009,La Silla Observatory,0,237.6,,,,,,,,,,,,,,,,,,,,,,,,,,,,,,,,,,,,,,,,,,,,,,,,,,,,,,,,,,,,,,,,,,,,,,,,,,,,,,,,,,,,,,,,
,,,,,,,,,,,,,,,,,,,,,,,,,,,,,,,,,,,,,,,,,,,,,,,,,,,,,,,,,,,,,,,,,,,,,,,,,,,,,,,,,,,,,,,,,,,,,,,,
HAT-P-9 b,1485,0.749 Jupiters,12.344,2008,https://exoplanets.nasa.gov/exoplanet-catalog/1225/hat-p-9-b/,Gas Giant,2008,0.749 Jupiters,1.393 x Jupiter,0.05287 AU,3.9 days,0.08,BD-10 3166 b,BD-10 3166,1,1,Radial Velocity,2000,W. M. Keck Observatory,0,3.48777,,,,,,,,,,,,,,,,,,,,,,,,,,,,,,,,,,,,,,,,,,,,,,,,,,,,,,,,,,,,,,,,,,,,,,,,,,,
,,,,,,,,,,,,,,,,,,,,,,,,,,,,,,,,,,,,,,,,,,,,,,,,,,,,,,,,,,,,,,,,,,,,,,,,,,,,,,,,,,,,,,,,,,,,,,,,
BD-11 4672 b,BD-11 4672,1,2,Radial Velocity,2014,La Silla Observatory,0,1634,,,,,,,,,,,,,,,,,,,,,,,,,,,,,,,,,,,,,,,,,,,,,,,,,,,,,,,,,,,,,,,,,,,,,,,,,,,,,,,,,,,,,,,,
,,,,,,,,,,,,,,,,,,,,,,,,,,,,,,,,,,,,,,,,,,,,,,,,,,,,,,,,,,,,,,,,,,,,,,,,,,,,,,,,,,,,,,,,,,,,,,,,
HATS-13 b,1376,0.543 Jupiters,13.911,2015,https://exoplanets.nasa.gov/exoplanet-catalog/4328/hats-13-b/,Gas Giant,2015,0.543 Jupiters,1.212 x Jupiter,0.04057 AU,3 days,< 0.181,BD-11 4672 c,BD-11 4672,1,2,Radial Velocity,2020,Roque de los Muchachos Observatory,0,74.2,,,,,,,,,,,,,,,,,,,,,,,,,,,,,,,,,,,,,,,,,,,,,,,,,,,,,,,,,,,,,,,,,,,,,,,,,,,
,,,,,,,,,,,,,,,,,,,,,,,,,,,,,,,,,,,,,,,,,,,,,,,,,,,,,,,,,,,,,,,,,,,,,,,,,,,,,,,,,,,,,,,,,,,,,,,,
BD-13 2130 b,BD-13 2130,1,1,Radial Velocity,2007,La Silla Observatory,0,714.29999,,,,,,,,,,,,,,,,,,,,,,,,,,,,,,,,,,,,,,,,,,,,,,,,,,,,,,,,,,,,,,,,,,,,,,,,,,,,,,,,,,,,,,,,
,,,,,,,,,,,,,,,,,,,,,,,,,,,,,,,,,,,,,,,,,,,,,,,,,,,,,,,,,,,,,,,,,,,,,,,,,,,,,,,,,,,,,,,,,,,,,,,,
HATS-18 b,2037,1.9795 Jupiters,14.188,2016,https://exoplanets.nasa.gov/exoplanet-catalog/3405/hats-18-b/,Gas Giant,2016,1.9795 Jupiters,1.329 x Jupiter,0.0174 AU,0.8 days,0.17,BD-17 63 b,BD-17 63,1,1,Radial Velocity,2008,La Silla Observatory,0,655.6,,,,,,,,,,,,,,,,,,,,,,,,,,,,,,,,,,,,,,,,,,,,,,,,,,,,,,,,,,,,,,,,,,,,,,,,,,,
,,,,,,,,,,,,,,,,,,,,,,,,,,,,,,,,,,,,,,,,,,,,,,,,,,,,,,,,,,,,,,,,,,,,,,,,,,,,,,,,,,,,,,,,,,,,,,,,
CD Cet b,CD Cet,1,1,Radial Velocity,2020,Calar Alto Observatory,0,2.2907,,,,,,,,,,,,,,,,,,,,,,,,,,,,,,,,,,,,,,,,,,,,,,,,,,,,,,,,,,,,,,,,,,,,,,,,,,,,,,,,,,,,,,,,
,,,,,,,,,,,,,,,,,,,,,,,,,,,,,,,,,,,,,,,,,,,,,,,,,,,,,,,,,,,,,,,,,,,,,,,,,,,,,,,,,,,,,,,,,,,,,,,,
HATS-22 b,749,2.74 Jupiters,13.397,2017,https://exoplanets.nasa.gov/exoplanet-catalog/3467/hats-22-b/,Gas Giant,2017,2.74 Jupiters,0.953 x Jupiter,0.05025 AU,4.7 days,0.08,CFBDSIR J145829+101343 b,CFBDSIR J145829+101343,1,1,Imaging,2011,W. M. Keck Observatory,0,10037.5,,,,,,,,,,,,,,,,,,,,,,,,,,,,,,,,,,,,,,,,,,,,,,,,,,,,,,,,,,,,,,,,,,,,,,,,,,,
,,,,,,,,,,,,,,,,,,,,,,,,,,,,,,,,,,,,,,,,,,,,,,,,,,,,,,,,,,,,,,,,,,,,,,,,,,,,,,,,,,,,,,,,,,,,,,,,
CFHTWIR-Oph 98 b,CFHTWIR-Oph 98 A,1,1,Imaging,2021,Hubble Space Telescope,0,8040000,,,,,,,,,,,,,,,,,,,,,,,,,,,,,,,,,,,,,,,,,,,,,,,,,,,,,,,,,,,,,,,,,,,,,,,,,,,,,,,,,,,,,,,,
,,,,,,,,,,,,,,,,,,,,,,,,,,,,,,,,,,,,,,,,,,,,,,,,,,,,,,,,,,,,,,,,,,,,,,,,,,,,,,,,,,,,,,,,,,,,,,,,
HATS-24 b,1612,2.26 Jupiters,12.915,2017,https://exoplanets.nasa.gov/exoplanet-catalog/3469/hats-24-b/,Gas Giant,2017,2.26 Jupiters,1.395 x Jupiter,0.0238 AU,1.3 days,0,CHXR 73 b,CHXR 73,1,1,Imaging,2006,Hubble Space Telescope,0,,,,,,,,,,,,,,,,,,,,,,,,,,,,,,,,,,,,,,,,,,,,,,,,,,,,,,,,,,,,,,,,,,,,,,,,,,,,
,,,,,,,,,,,,,,,,,,,,,,,,,,,,,,,,,,,,,,,,,,,,,,,,,,,,,,,,,,,,,,,,,,,,,,,,,,,,,,,,,,,,,,,,,,,,,,,,
CI Tau b,CI Tau,1,1,Radial Velocity,2019,Multiple Observatories,0,8.9891,,,,,,,,,,,,,,,,,,,,,,,,,,,,,,,,,,,,,,,,,,,,,,,,,,,,,,,,,,,,,,,,,,,,,,,,,,,,,,,,,,,,,,,,
,,,,,,,,,,,,,,,,,,,,,,,,,,,,,,,,,,,,,,,,,,,,,,,,,,,,,,,,,,,,,,,,,,,,,,,,,,,,,,,,,,,,,,,,,,,,,,,,
HAT-P-69 b,1113,3.58 Jupiters,9.774,2019,https://exoplanets.nasa.gov/exoplanet-catalog/7454/hat-p-69-b/,Gas Giant,2019,3.58 Jupiters,1.676 x Jupiter,0.06555 AU,4.8 days,0,COCONUTS-2 b,COCONUTS-2 A,1,1,Imaging,2021,NASA Infrared Telescope Facility (IRTF),0,402000000,,,,,,,,,,,,,,,,,,,,,,,,,,,,,,,,,,,,,,,,,,,,,,,,,,,,,,,,,,,,,,,,,,,,,,,,,,,
,,,,,,,,,,,,,,,,,,,,,,,,,,,,,,,,,,,,,,,,,,,,,,,,,,,,,,,,,,,,,,,,,,,,,,,,,,,,,,,,,,,,,,,,,,,,,,,,
CT Cha b,CT Cha,1,1,Imaging,2007,Paranal Observatory,0,,,,,,,,,,,,,,,,,,,,,,,,,,,,,,,,,,,,,,,,,,,,,,,,,,,,,,,,,,,,,,,,,,,,,,,,,,,,,,,,,,,,,,,,,
,,,,,,,,,,,,,,,,,,,,,,,,,,,,,,,,,,,,,,,,,,,,,,,,,,,,,,,,,,,,,,,,,,,,,,,,,,,,,,,,,,,,,,,,,,,,,,,,
HAT-P-70 b,1079,6.78 Jupiters,9.47,2019,https://exoplanets.nasa.gov/exoplanet-catalog/7455/hat-p-70-b/,Gas Giant,2019,6.78 Jupiters,1.87 x Jupiter,0.04739 AU,2.7 days,0,CoRoT-1 b,CoRoT-1,1,1,Transit,2008,CoRoT,0,1.5089557,,,,,,,,,,,,,,,,,,,,,,,,,,,,,,,,,,,,,,,,,,,,,,,,,,,,,,,,,,,,,,,,,,,,,,,,,,,
,,,,,,,,,,,,,,,,,,,,,,,,,,,,,,,,,,,,,,,,,,,,,,,,,,,,,,,,,,,,,,,,,,,,,,,,,,,,,,,,,,,,,,,,,,,,,,,,
CoRoT-10 b,CoRoT-10,1,1,Transit,2010,CoRoT,0,13.2406,,,,,,,,,,,,,,,,,,,,,,,,,,,,,,,,,,,,,,,,,,,,,,,,,,,,,,,,,,,,,,,,,,,,,,,,,,,,,,,,,,,,,,,,
,,,,,,,,,,,,,,,,,,,,,,,,,,,,,,,,,,,,,,,,,,,,,,,,,,,,,,,,,,,,,,,,,,,,,,,,,,,,,,,,,,,,,,,,,,,,,,,,
HAT-P-7 b,1113,1.84 Jupiters,10.481,2008,https://exoplanets.nasa.gov/exoplanet-catalog/1717/hat-p-7-b/,Gas Giant,2008,1.84 Jupiters,1.51 x Jupiter,0.03676 AU,2.2 days,0,CoRoT-11 b,CoRoT-11,1,1,Transit,2010,CoRoT,0,2.99433,,,,,,,,,,,,,,,,,,,,,,,,,,,,,,,,,,,,,,,,,,,,,,,,,,,,,,,,,,,,,,,,,,,,,,,,,,,
,,,,,,,,,,,,,,,,,,,,,,,,,,,,,,,,,,,,,,,,,,,,,,,,,,,,,,,,,,,,,,,,,,,,,,,,,,,,,,,,,,,,,,,,,,,,,,,,
CoRoT-12 b,CoRoT-12,1,1,Transit,2010,CoRoT,0,2.828042,,,,,,,,,,,,,,,,,,,,,,,,,,,,,,,,,,,,,,,,,,,,,,,,,,,,,,,,,,,,,,,,,,,,,,,,,,,,,,,,,,,,,,,,
,,,,,,,,,,,,,,,,,,,,,,,,,,,,,,,,,,,,,,,,,,,,,,,,,,,,,,,,,,,,,,,,,,,,,,,,,,,,,,,,,,,,,,,,,,,,,,,,
HAT-P-9 b,1485,0.749 Jupiters,12.344,2008,https://exoplanets.nasa.gov/exoplanet-catalog/1225/hat-p-9-b/,Gas Giant,2008,0.749 Jupiters,1.393 x Jupiter,0.05287 AU,3.9 days,0.08,CoRoT-13 b,CoRoT-13,1,1,Transit,2010,CoRoT,0,4.03519,,,,,,,,,,,,,,,,,,,,,,,,,,,,,,,,,,,,,,,,,,,,,,,,,,,,,,,,,,,,,,,,,,,,,,,,,,,
,,,,,,,,,,,,,,,,,,,,,,,,,,,,,,,,,,,,,,,,,,,,,,,,,,,,,,,,,,,,,,,,,,,,,,,,,,,,,,,,,,,,,,,,,,,,,,,,
CoRoT-14 b,CoRoT-14,1,1,Transit,2010,CoRoT,0,1.51214,,,,,,,,,,,,,,,,,,,,,,,,,,,,,,,,,,,,,,,,,,,,,,,,,,,,,,,,,,,,,,,,,,,,,,,,,,,,,,,,,,,,,,,,
,,,,,,,,,,,,,,,,,,,,,,,,,,,,,,,,,,,,,,,,,,,,,,,,,,,,,,,,,,,,,,,,,,,,,,,,,,,,,,,,,,,,,,,,,,,,,,,,
HATS-13 b,1376,0.543 Jupiters,13.911,2015,https://exoplanets.nasa.gov/exoplanet-catalog/4328/hats-13-b/,Gas Giant,2015,0.543 Jupiters,1.212 x Jupiter,0.04057 AU,3 days,< 0.181,CoRoT-16 b,CoRoT-16,1,1,Transit,2011,CoRoT,0,5.35227,,,,,,,,,,,,,,,,,,,,,,,,,,,,,,,,,,,,,,,,,,,,,,,,,,,,,,,,,,,,,,,,,,,,,,,,,,,
,,,,,,,,,,,,,,,,,,,,,,,,,,,,,,,,,,,,,,,,,,,,,,,,,,,,,,,,,,,,,,,,,,,,,,,,,,,,,,,,,,,,,,,,,,,,,,,,
CoRoT-17 b,CoRoT-17,1,1,Transit,2011,CoRoT,0,3.7681,pl_orbpererr1,pl_orbpererr2,pl_orbperlim,pl_orbsmax,pl_orbsmaxerr1,pl_orbsmaxerr2,pl_orbsmaxlim,pl_rade,pl_radeerr1,pl_radeerr2,pl_radelim,pl_radj,pl_radjerr1,pl_radjerr2,pl_radjlim,pl_bmasse,pl_bmasseerr1,pl_bmasseerr2,pl_bmasselim,pl_bmassj,pl_bmassjerr1,pl_bmassjerr2,pl_bmassjlim,pl_bmassprov,pl_orbeccen,pl_orbeccenerr1,pl_orbeccenerr2,pl_orbeccenlim,pl_insol,pl_insolerr1,pl_insolerr2,pl_insollim,pl_eqt,pl_eqterr1,pl_eqterr2,pl_eqtlim,ttv_flag,st_spectype,st_teff,st_tefferr1,st_tefferr2,st_tefflim,st_rad,st_raderr1,st_raderr2,st_radlim,st_mass,st_masserr1,st_masserr2,st_masslim,st_met,st_meterr1,st_meterr2,st_metlim,st_metratio,st_logg,st_loggerr1,st_loggerr2,st_logglim,rastr,ra,decstr,dec,sy_dist,sy_disterr1,sy_disterr2,sy_vmag,sy_vmagerr1,sy_vmagerr2,sy_kmag,sy_kmagerr1,sy_kmagerr2,sy_gaiamag,sy_gaiamagerr1,sy_gaiamagerr2,,,,,,,,,,,,,
,,,,,,,,,,,,,,,,,,,,,,,,,,,,,,,,,,,,,,,,,,,,,,,,,,,,,,,,,,,,,,,,,,,,,,,,,,,,,,,,,,,,,,,,,,,,,,,,
HATS-16 b,2469,3.27 Jupiters,13.957,2016,https://exoplanets.nasa.gov/exoplanet-catalog/3286/hats-16-b/,Gas Giant,2016,3.27 Jupiters,1.3 x Jupiter,0.03744 AU,2.7 days,0,CoRoT-18 b,CoRoT-18,1,1,Transit,2011,CoRoT,0,1.9000693,0.32,-0.32,0,1.29,0.05,-0.05,0,12.1,,,0,1.08,,,0,6165.6,476.7,-476.7,0,19.4,1.5,-1.5,0,Msini,0.231,0.005,-0.005,0,,,,,,,,,0,G8 III,4742,100,-100,0,19,2,-2,0,2.7,0.3,-0.3,0,-0.35,0.09,-0.09,0,[Fe/H],2.31,0.1,-0.1,0,12h20m42.91s,185.1787793,+17d47m35.71s,17.7932516,93.1846,1.9238,-1.9238,4.72307,0.023,-0.023,2.282,0.346,-0.346,4.44038,0.0038479,-0.0038479
,,,,,,,,,,,,,,,,,,,,,,,,,,,,,,,,,,,,,,,,,,,,,,,,,,,,,,,,,,,,,,,,,,,,,,,,,,,,,,,,,,,,,,,,,,,,,,,,
CoRoT-19 b,CoRoT-19,1,1,Transit,2011,CoRoT,0,3.89713,3.2,-3.2,0,1.53,0.07,-0.07,0,12.3,,,0,1.09,,,0,4684.8142,794.575,-794.575,0,14.74,2.5,-2.5,0,Msini,0.08,0.03,-0.03,0,,,,,,,,,0,K4 III,4213,46,-46,0,29.79,2.84,-2.84,0,2.78,0.69,-0.69,0,-0.02,,,0,[Fe/H],1.93,0.07,-0.07,0,15h17m05.90s,229.2745954,+71d49m26.19s,71.8239428,125.321,1.9765,-1.9765,5.013,0.005,-0.005,1.939,0.27,-0.27,4.56216,0.0039035,-0.0039035,,,,,,,,,,,,,
,,,,,,,,,,,,,,,,,,,,,,,,,,,,,,,,,,,,,,,,,,,,,,,,,,,,,,,,,,,,,,,,,,,,,,,,,,,,,,,,,,,,,,,,,,,,,,,,
HATS-18 b,2037,1.9795 Jupiters,14.188,2016,https://exoplanets.nasa.gov/exoplanet-catalog/3405/hats-18-b/,Gas Giant,2016,1.9795 Jupiters,1.329 x Jupiter,0.0174 AU,0.8 days,0.17,CoRoT-20 b,CoRoT-20,1,2,Transit,2011,CoRoT,0,9.24285,2.5,-2.5,0,2.93,0.08,-0.08,0,12.9,,,0,1.15,,,0,1481.0878,47.6745,-47.6745,0,4.66,0.15,-0.15,0,Msini,0.37,0,0,0,,,,,,,,,0,K0 V,5338,25,-25,0,0.93,0.01,-0.01,0,0.9,0.04,-0.04,0,0.41,,,0,[Fe/H],4.45,0.02,-0.02,0,16h10m24.50s,242.6021014,+43d48m58.90s,43.8163621,17.9323,0.0073,-0.0073,6.61935,0.023,-0.023,4.714,0.016,-0.016,6.383,0.0003512,-0.0003512
,,,,,,,,,,,,,,,,,,,,,,,,,,,,,,,,,,,,,,,,,,,,,,,,,,,,,,,,,,,,,,,,,,,,,,,,,,,,,,,,,,,,,,,,,,,,,,,,
CoRoT-20 c,CoRoT-20,1,2,Radial Velocity,2018,Multiple Observatories,0,1675,1,-1,0,1.66,0.03,-0.03,0,13.5,,,0,1.2,,,0,565.7374,25.4264,-25.4264,0,1.78,0.08,-0.08,0,Msini,0.68,0.02,-0.02,0,,,,,,,,,0,G3 V,5750,8,-8,0,1.13,0.01,-0.01,0,1.08,0.04,-0.04,0,0.06,,,0,[Fe/H],4.36,0.01,-0.01,0,19h41m51.75s,295.4656422,+50d31m00.57s,50.5168243,21.1397,0.011,-0.0111,6.215,0.016,-0.016,4.651,0.016,-0.016,6.06428,0.0006029,-0.0006029,,,,,,,,,,,,,
,,,,,,,,,,,,,,,,,,,,,,,,,,,,,,,,,,,,,,,,,,,,,,,,,,,,,,,,,,,,,,,,,,,,,,,,,,,,,,,,,,,,,,,,,,,,,,,,
HATS-1 b,926,1.855 Jupiters,12.155,2012,https://exoplanets.nasa.gov/exoplanet-catalog/259/hats-1-b/,Gas Giant,2012,1.855 Jupiters,1.302 x Jupiter,0.0444 AU,3.4 days,0.12,CoRoT-21 b,CoRoT-21,1,1,Transit,2012,CoRoT,0,2.72474,2.01,-2.09,0,1.45,0.02,-0.02,0,12.9,,,0,1.15,,,0,1373.01872,47.67426,-38.13941,0,4.32,0.15,-0.12,0,Msini,0.06,0.03,-0.02,0,,,,,,,,,0,K3 III,4157,11,-10,0,25.92,0.78,-0.74,0,1.22,0.13,-0.14,0,-0.01,0.1,-0.1,0,[Fe/H],1.7,0.04,-0.06,0,16h13m50.90s,243.4620874,-11d50m16.05s,-11.8377905,124.953,2.59,-2.59,5.22606,0.023,-0.023,2.094,0.244,-0.244,4.75429,0.005055,-0.005055
,,,,,,,,,,,,,,,,,,,,,,,,,,,,,,,,,,,,,,,,,,,,,,,,,,,,,,,,,,,,,,,,,,,,,,,,,,,,,,,,,,,,,,,,,,,,,,,,
CoRoT-22 b,CoRoT-22,1,1,Transit,2014,CoRoT,0,9.75598,3.2,-3.2,0,2.6,,,0,12.5,,,0,1.11,,,0,3273.5,,,0,10.3,,,0,Msini,0.08,0.01,-0.01,0,,,,,,,,,0,G6 III,4979,18,-18,0,8.5,,,0,2.3,,,0,-0.052,0.023,-0.023,0,[Fe/H],2.82,0.06,-0.06,0,20h58m25.88s,314.6078375,+10d50m20.90s,10.8391378,76.222,0.6217,-0.6217,5.51048,0.023,-0.023,3.366,0.204,-0.204,5.27476,0.0026539,-0.0026539,,,,,,,,,,,,,
,,,,,,,,,,,,,,,,,,,,,,,,,,,,,,,,,,,,,,,,,,,,,,,,,,,,,,,,,,,,,,,,,,,,,,,,,,,,,,,,,,,,,,,,,,,,,,,,
HATS-22 b,749,2.74 Jupiters,13.397,2017,https://exoplanets.nasa.gov/exoplanet-catalog/3467/hats-22-b/,Gas Giant,2017,2.74 Jupiters,0.953 x Jupiter,0.05025 AU,4.7 days,0.08,CoRoT-23 b,CoRoT-23,1,1,Transit,2011,CoRoT,0,3.6313,,,,330,,,0,18.647,,,0,1.664,,,0,3000,300,-300,0,8,1,-1,0,Mass,,,,,,,,,1700,100,-100,0,0,K7 V,4060,300,-200,0,1.31,0.18,-0.1,0,0.85,0.2,-0.1,0,,,,,,4,0.14,-0.1,0,16h09m30.30s,242.3762343,-21d04m59.31s,-21.0831403,139.135,1.332,-1.307,12.618,0.069,-0.069,8.916,0.021,-0.021,12.0572,0.002275,-0.002275
,,,,,,,,,,,,,,,,,,,,,,,,,,,,,,,,,,,,,,,,,,,,,,,,,,,,,,,,,,,,,,,,,,,,,,,,,,,,,,,,,,,,,,,,,,,,,,,,
CoRoT-24 b,CoRoT-24,1,2,Transit,2014,CoRoT,0,5.1134,0.0078,-0.0077,0,0.19,0.012,-0.009,0,13.9,,,0,1.24,,,0,289.2253,41.3179,-31.783,0,0.91,0.13,-0.1,0,Msini,0.042,0.048,-0.029,0,,,,,,,,,0,G3 IV,4893,15,-15,0,10.64,0.84,-0.59,0,0.99,0.19,-0.13,0,-0.77,0.03,-0.03,0,[Fe/H],2.42,0.1,-0.1,0,14h28m37.33s,217.1555242,+49d50m40.74s,49.8446488,95.9863,0.63685,-0.63685,5.59,0.001,-0.001,3.159,0.28,-0.28,5.3339,0.0019998,-0.0019998,,,,,,,,,,,,,
,,,,,,,,,,,,,,,,,,,,,,,,,,,,,,,,,,,,,,,,,,,,,,,,,,,,,,,,,,,,,,,,,,,,,,,,,,,,,,,,,,,,,,,,,,,,,,,,
HATS-24 b,1612,2.26 Jupiters,12.915,2017,https://exoplanets.nasa.gov/exoplanet-catalog/3469/hats-24-b/,Gas Giant,2017,2.26 Jupiters,1.395 x Jupiter,0.0238 AU,1.3 days,0,CoRoT-24 c,CoRoT-24,1,2,Transit,2014,CoRoT,0,11.759,2.1,-4.5,0,1.333,0.004,-0.009,0,13.4,,,0,1.19,,,0,632.46,82.63,-120.77,0,1.99,0.26,-0.38,0,Msini,0.09,0.14,-0.06,0,,,,,,,,,0,K0 IV,5098,44,-44,0,4.9,0.08,-0.08,0,1.54,0.08,-0.08,0,-0.03,0.04,-0.04,0,[Fe/H],3.5,0.1,-0.1,0,10h23m28.44s,155.8684866,-00d54m08.64s,-0.9023998,72.0691,0.6854,-0.6728,6.4535,0.023,-0.023,4.285,0.016,-0.016,6.20374,0.0004976,-0.0004976
,,,,,,,,,,,,,,,,,,,,,,,,,,,,,,,,,,,,,,,,,,,,,,,,,,,,,,,,,,,,,,,,,,,,,,,,,,,,,,,,,,,,,,,,,,,,,,,,
CoRoT-25 b,CoRoT-25,1,1,Transit,2013,CoRoT,0,4.86069,32.4,-13.8,0,2.08,0.05,-0.02,0,13.9,,,0,1.24,,,0,273.32,111.24,-69.92,0,0.86,0.35,-0.22,0,Msini,0.29,0.16,-0.09,0,,,,,,,,,0,K0 IV,5098,44,-44,0,4.9,0.08,-0.08,0,1.54,0.08,-0.08,0,-0.03,0.04,-0.04,0,[Fe/H],3.5,0.1,-0.1,0,10h23m28.44s,155.8684866,-00d54m08.64s,-0.9023998,72.0691,0.6854,-0.6728,6.4535,0.023,-0.023,4.285,0.016,-0.016,6.20374,0.0004976,-0.0004976,,,,,,,,,,,,,
,,,,,,,,,,,,,,,,,,,,,,,,,,,,,,,,,,,,,,,,,,,,,,,,,,,,,,,,,,,,,,,,,,,,,,,,,,,,,,,,,,,,,,,,,,,,,,,,
HATS-25 b,1537,0.613 Jupiters,13.172,2016,https://exoplanets.nasa.gov/exoplanet-catalog/3275/hats-25-b/,Gas Giant,2016,0.613 Jupiters,1.26 x Jupiter,0.05163 AU,4.3 days,< 0.176,CoRoT-26 b,CoRoT-26,1,1,Transit,2013,CoRoT,0,4.20474,,,,118,1.3,-1.3,0,13,,,0,1.16,,,0,1271.31363,317.82841,-317.82841,0,4,1,-1,0,Mass,,,,,,,,,1450,50,-50,0,0,M V,3100,100,-100,0,0.84,0.11,-0.11,0,0.17,0.01,-0.02,0,0.01,0.05,-0.05,0,[Fe/H],4.5,0.5,-0.5,0,04h37m21.73s,69.3405531,+26d51m01.08s,26.8502997,128.484,1.196,-1.174,16.186,1.133,-1.133,10.386,0.018,-0.018,14.3374,0.000772,-0.000772
,,,,,,,,,,,,,,,,,,,,,,,,,,,,,,,,,,,,,,,,,,,,,,,,,,,,,,,,,,,,,,,,,,,,,,,,,,,,,,,,,,,,,,,,,,,,,,,,
CoRoT-27 b,CoRoT-27,1,1,Transit,2014,CoRoT,0,3.57532,,,,84,,,0,12.3,,,0,1.1,,,0,4131.79,317.83,-317.83,0,13,1,-1,0,Mass,,,,,,,,,,,,,0,M5.5/M6,,,,,,,,,0.19,0.02,-0.02,0,,,,,,,,,,01h03m35.82s,15.8992489,-55d15m56.98s,-55.2658291,47.2,3.1,-3.1,15.788,0.275,-0.275,9.237001,0.022,-0.022,,,,,,,,,,,,,,,,
,,,,,,,,,,,,,,,,,,,,,,,,,,,,,,,,,,,,,,,,,,,,,,,,,,,,,,,,,,,,,,,,,,,,,,,,,,,,,,,,,,,,,,,,,,,,,,,,
HATS-27 b,2665,0.53 Jupiters,12.782,2016,https://exoplanets.nasa.gov/exoplanet-catalog/3277/hats-27-b/,Gas Giant,2016,0.53 Jupiters,1.5 x Jupiter,0.0611 AU,4.6 days,< 0.581,CoRoT-28 b,CoRoT-28,1,1,Transit,2015,CoRoT,0,5.20851,,,,52,6,-6,0,11.209,,,0,1,,,0,7786.5,794.5,-794.5,0,24.5,2.5,-2.5,0,Mass,,,,,,,,,1600,100,-100,0,0,M3.5 V,3530,50,-50,0,0.37,0.01,-0.01,0,0.4,0.05,-0.05,0,,,,,,4.86,0,0,0,01h22m51.07s,20.7128012,-24d39m52.61s,-24.6646128,33.8281,0.0864,-0.086,14.244,0.074,-0.074,9.198,0.026,-0.026,12.9025,0.001151,-0.001151
,,,,,,,,,,,,,,,,,,,,,,,,,,,,,,,,,,,,,,,,,,,,,,,,,,,,,,,,,,,,,,,,,,,,,,,,,,,,,,,,,,,,,,,,,,,,,,,,
CoRoT-29 b,CoRoT-29,1,1,Transit,2015,CoRoT,0,2.85057,,,,156,10,-10,0,16.141,0.336,-0.336,0,1.44,0.03,-0.03,0,4417.837,349.613,-349.613,0,13.9,1.1,-1.1,0,Mass,,,,,,,,,,,,,0,M6,3064,76,-76,0,0.28,0.01,-0.01,0,0.11,0.01,-0.01,0,,,,,,4.59,0.06,-0.06,0,02h19m22.25s,34.8427046,-39d25m23.08s,-39.4230767,40.0896412,0.1940496,-0.1940496,,,,10.404,0.025,-0.025,15.0123,0.000624,-0.000624,,,,,,,,,,,,,
,,,,,,,,,,,,,,,,,,,,,,,,,,,,,,,,,,,,,,,,,,,,,,,,,,,,,,,,,,,,,,,,,,,,,,,,,,,,,,,,,,,,,,,,,,,,,,,,
HATS-29 b,1154,0.653 Jupiters,12.62,2016,https://exoplanets.nasa.gov/exoplanet-catalog/3279/hats-29-b/,Gas Giant,2016,0.653 Jupiters,1.251 x Jupiter,0.05475 AU,4.6 days,< 0.158,CoRoT-3 b,CoRoT-3,1,1,Transit,2008,CoRoT,0,4.2568,,,,15,,,0,12.6,,,0,1.13,,,0,2383.6,794.5,-794.5,0,7.5,2.5,-2.5,0,Mass,,,,,,,,,,,,,0,M8.5,2936,182,-182,0,0.23,0.01,-0.01,0,0.02,,,0,,,,,,5.01,0,0,0,04h41m44.91s,70.4371079,+23d01m51.08s,23.0308544,120.423987,5.4783417,-5.4783417,,,,13.161,0.025,-0.025,18.9668,0.006833,-0.006833
,,,,,,,,,,,,,,,,,,,,,,,,,,,,,,,,,,,,,,,,,,,,,,,,,,,,,,,,,,,,,,,,,,,,,,,,,,,,,,,,,,,,,,,,,,,,,,,,
CoRoT-30 b,CoRoT-30,1,1,Transit,2020,CoRoT,0,9.06005,,,,55,,,0,12.9,,,0,1.15,,,0,1589.15,635.66,-635.66,0,5,2,-2,0,Mass,,,,,,,,,1250,200,-200,0,0,M8,2825,157,-157,0,0.22,0.01,-0.01,0,0.02,,,0,,,,,,5.03,0.02,-0.02,0,12h07m33.38s,181.8890906,-39d32m54.38s,-39.5484399,64.308,0.6569,-0.644,20.15,0.19,,11.945,0.026,-0.026,17.4076,0.002154,-0.002154,,,,,,,,,,,,,
,,,,,,,,,,,,,,,,,,,,,,,,,,,,,,,,,,,,,,,,,,,,,,,,,,,,,,,,,,,,,,,,,,,,,,,,,,,,,,,,,,,,,,,,,,,,,,,,
HATS-2 b,1115,1.345 Jupiters,13.565,2013,https://exoplanets.nasa.gov/exoplanet-catalog/1265/hats-2-b/,Gas Giant,2013,1.345 Jupiters,1.168 x Jupiter,0.023 AU,1.4 days,0,CoRoT-31 b,CoRoT-31,1,1,Transit,2020,CoRoT,0,4.62941,4,-4,0,0.92,0.02,-0.02,0,13.4,,,0,1.2,,,0,603.877,31.783,-31.783,0,1.9,0.1,-0.1,0,Mass,0.33,0.05,-0.05,0,,,,,,,,,0,,29564,,,0,0.2,0,0,0,0.48,,,0,-0.092,,,0,[Fe/H],5.51,0.01,-0.01,0,19h38m32.62s,294.6359173,+46d03m59.07s,46.0664076,396.332,6.3885,-6.3885,12.651,0.215,-0.215,12.955,0.029,-0.029,12.1376,0.003687,-0.003687
,,,,,,,,,,,,,,,,,,,,,,,,,,,,,,,,,,,,,,,,,,,,,,,,,,,,,,,,,,,,,,,,,,,,,,,,,,,,,,,,,,,,,,,,,,,,,,,,
CoRoT-35 b,CoRoT-35,1,1,Transit,2022,CoRoT,0,3.22748,1934.5,-584,0,,,,,10.31,4.37,-4.04,0,0.92,0.39,-0.36,0,6657.48,26629.91,-6657.48,0,20.95,83.79,-20.95,0,Mass,0.26,0.06,-0.06,0,,,,,2075,70,-70,0,0,M8.5,2300,80,-80,0,0.12,0.05,-0.04,0,0.08,0.06,-0.06,0,,,,,,5.22,0.05,-0.05,0,21h40m29.24s,325.1218214,+16d25m16.83s,16.4213408,33.1156898,0.4759328,-0.4759328,,,,11.826,0.031,-0.031,17.3961,0.004861,-0.004861,,,,,,,,,,,,,
,,,,,,,,,,,,,,,,,,,,,,,,,,,,,,,,,,,,,,,,,,,,,,,,,,,,,,,,,,,,,,,,,,,,,,,,,,,,,,,,,,,,,,,,,,,,,,,,
HATS-30 b,1116,0.706 Jupiters,12.283,2016,https://exoplanets.nasa.gov/exoplanet-catalog/3280/hats-30-b/,Gas Giant,2016,0.706 Jupiters,1.175 x Jupiter,0.04354 AU,3.2 days,< 0.096,CoRoT-36 b,CoRoT-36,1,1,Transit,2022,CoRoT,0,5.616531,,,,230,20,-20,0,12.3,,,0,1.1,,,0,3972.875,476.745,-476.745,0,12.5,1.5,-1.5,0,Mass,,,,,,,,,,,,,0,K7 V,4045,35,-35,0,0.64,0.06,-0.06,0,0.6,0.05,-0.05,0,,,,,,4.62,0.09,-0.13,0,22h36m24.62s,339.1025931,+47d51m42.06s,47.861683,69.5737,0.1592,-0.1585,12.368,0.057,-0.057,9.148,0.018,-0.018,11.9484,0.000737,-0.000737
,,,,,,,,,,,,,,,,,,,,,,,,,,,,,,,,,,,,,,,,,,,,,,,,,,,,,,,,,,,,,,,,,,,,,,,,,,,,,,,,,,,,,,,,,,,,,,,,
CoRoT-4 b,CoRoT-4,1,1,Transit,2008,CoRoT,0,9.20205,2.5,-2.5,0,0.99,0.02,-0.02,0,12.3,,,0,1.1,,,0,4392.4106,572.094,-572.094,0,13.82,1.8,-1.8,0,Msini,0.29,0.09,-0.09,0,,,,,,,,,0,F6 V,6331,61,-61,0,1.41,0.05,-0.05,0,1.93,0.27,-0.27,0,0.19,,,0,[Fe/H],4.43,0.05,-0.05,0,02h36m57.91s,39.2412736,+24d38m52.84s,24.6480103,44.657,0.1039,-0.1034,7.09209,0.023,-0.023,5.822,0.021,-0.021,6.96085,0.000512,-0.000512,,,,,,,,,,,,,
,,,,,,,,,,,,,,,,,,,,,,,,,,,,,,,,,,,,,,,,,,,,,,,,,,,,,,,,,,,,,,,,,,,,,,,,,,,,,,,,,,,,,,,,,,,,,,,,
HATS-33 b,810,1.192 Jupiters,11.91,2016,https://exoplanets.nasa.gov/exoplanet-catalog/3425/hats-33-b/,Gas Giant,2016,1.192 Jupiters,1.23 x Jupiter,0.03727 AU,2.5 days,< 0.08,CoRoT-5 b,CoRoT-5,1,1,Transit,2009,CoRoT,0,4.0378962,1.96,-1.96,0,0.87,0.04,-0.04,0,12.7,,,0,1.13,,,0,2256.5,508.5,-508.5,0,7.1,1.6,-1.6,0,Msini,0.432,0.024,-0.024,0,,,,,,,,,0,K1 III,4415,70,-70,0,18.11,1.47,-1.47,0,1.23,0.15,-0.15,0,-0.25,0.04,-0.04,0,[Fe/H],1.8,0.15,-0.15,0,08h40m12.67s,130.0528099,+64d19m40.98s,64.3280504,73.4603,1.18605,-1.18605,4.5801,0.023,-0.023,1.734,0.218,-0.218,4.23773,0.0047288,-0.0047288
,,,,,,,,,,,,,,,,,,,,,,,,,,,,,,,,,,,,,,,,,,,,,,,,,,,,,,,,,,,,,,,,,,,,,,,,,,,,,,,,,,,,,,,,,,,,,,,,
CoRoT-6 b,CoRoT-6,1,1,Transit,2009,CoRoT,0,8.886593,6.2,-6.2,0,1.19,0.01,-0.01,0,13,,,0,1.16,,,0,1233.13,270.14,-270.14,0,3.88,0.85,-0.85,0,Msini,0.38,0.06,-0.06,0,,,,,,,,,0,K1.5 III,4200,70,-70,0,22.03,1,-1,0,0.98,0.05,-0.05,0,-0.46,0.05,-0.05,0,[Fe/H],1.71,0.05,-0.05,0,18h25m59.40s,276.4975053,+65d33m48.11s,65.5633652,90.6545,1.3227,-1.3227,4.8262,0.023,-0.023,2.085,0.216,-0.216,4.43216,0.006238,-0.006238,,,,,,,,,,,,,
,,,,,,,,,,,,,,,,,,,,,,,,,,,,,,,,,,,,,,,,,,,,,,,,,,,,,,,,,,,,,,,,,,,,,,,,,,,,,,,,,,,,,,,,,,,,,,,,
HATS-35 b,1678,1.222 Jupiters,12.609,2016,https://exoplanets.nasa.gov/exoplanet-catalog/3429/hats-35-b/,Gas Giant,2016,1.222 Jupiters,1.464 x Jupiter,0.03199 AU,1.8 days,< 0.306,CoRoT-7 b,CoRoT-7,1,3,Transit,2009,CoRoT,0,0.85359163,2,-2,0,2.1,0.02,-0.02,0,13.2,,,0,1.18,,,0,804.08,22.25,-19.07,0,2.53,0.07,-0.06,0,Msini,0.032,0.014,-0.014,0,,,,,,,,,0,G0 V,5872,92.94,-113.53,0,1.21,0.04,-0.06,0,1.06,0.13,-0.14,0,0.04,0.1,-0.1,0,[M/H],4.3,0.07,-0.07,0,10h59m27.54s,164.8647611,+40d25m49.78s,40.4304931,13.7967,0.0289,-0.0289,5.03352,0.023,-0.023,3.75,0.34,-0.34,4.87837,0.0038294,-0.0038294
,,,,,,,,,,,,,,,,,,,,,,,,,,,,,,,,,,,,,,,,,,,,,,,,,,,,,,,,,,,,,,,,,,,,,,,,,,,,,,,,,,,,,,,,,,,,,,,,
CoRoT-7 c,CoRoT-7,1,3,Radial Velocity,2009,CoRoT,0,3.698,100,-87,0,3.6,0.1,-0.1,0,14.2,,,0,1.27,,,0,171.621,20.976,-23.201,0,0.54,0.066,-0.073,0,Msini,0.098,0.047,-0.096,0,,,,,,,,,0,G1 V,5872,92.94,-113.53,0,1.21,0.04,-0.06,0,1.06,0.13,-0.14,0,0.04,0.1,-0.1,0,[M/H],4.3,0.07,-0.07,0,10h59m27.54s,164.8647611,+40d25m49.78s,40.4304931,13.7967,0.0289,-0.0289,5.03352,0.023,-0.023,3.75,0.34,-0.34,4.87837,0.0038294,-0.0038294,,,,,,,,,,,,,
,,,,,,,,,,,,,,,,,,,,,,,,,,,,,,,,,,,,,,,,,,,,,,,,,,,,,,,,,,,,,,,,,,,,,,,,,,,,,,,,,,,,,,,,,,,,,,,,
HATS-39 b,2866,0.63 Jupiters,12.745,2018,https://exoplanets.nasa.gov/exoplanet-catalog/6288/hats-39-b/,Gas Giant,2018,0.63 Jupiters,1.57 x Jupiter,0.06007 AU,4.6 days,< 0.275,CoRoT-7 d,CoRoT-7,1,3,Radial Velocity,2022,La Silla Observatory,0,8.966,4018,-5095,0,11.6,2.1,-2.9,0,13.5,,,0,1.2,,,0,521.22,92.17,-152.55,0,1.64,0.29,-0.48,0,Msini,0.16,0.09,-0.16,0,,,,,,,,,0,G0V,5872,92.94,-113.53,0,1.21,0.04,-0.06,0,1.06,0.13,-0.14,0,0.04,0.1,-0.1,0,[M/H],4.3,0.07,-0.07,0,10h59m27.54s,164.8647611,+40d25m49.78s,40.4304931,13.7967,0.0289,-0.0289,5.03352,0.023,-0.023,3.75,0.34,-0.34,4.87837,0.0038294,-0.0038294
,,,,,,,,,,,,,,,,,,,,,,,,,,,,,,,,,,,,,,,,,,,,,,,,,,,,,,,,,,,,,,,,,,,,,,,,,,,,,,,,,,,,,,,,,,,,,,,,
CoRoT-8 b,CoRoT-8,1,1,Transit,2010,CoRoT,0,6.21229,6209.25,-3287.25,0,13.2,0.2,-0.2,0,13.4,,,0,1.19,,,0,635.66,,,0,2,,,0,Mass,0.45,0.1,-0.15,0,,,,,700,,,0,0,F0 IV,7295,120.09,-98.99,0,1.49,0.05,-0.06,0,1.75,0.05,-0.05,0,-0.027,0.045,-0.045,0,[M/H],4.31,0.09,-0.07,0,04h37m36.18s,69.4007424,-02d28m25.77s,-2.4738245,29.7575,0.1213,-0.1203,5.21149,0.023,-0.023,4.537,0.024,-0.024,5.15806,0.0023075,-0.0023075,,,,,,,,,,,,,
,,,,,,,,,,,,,,,,,,,,,,,,,,,,,,,,,,,,,,,,,,,,,,,,,,,,,,,,,,,,,,,,,,,,,,,,,,,,,,,,,,,,,,,,,,,,,,,,
HATS-40 b,4379,1.59 Jupiters,13.478,2018,https://exoplanets.nasa.gov/exoplanet-catalog/6283/hats-40-b/,Gas Giant,2018,1.59 Jupiters,1.58 x Jupiter,0.04997 AU,3.3 days,< 0.312,CoRoTID 223977153 b,CoRoTID 223977153,1,1,Transit,2017,CoRoT,0,6.71837,0.0001,-0.0001,0,0.1134,0.0006,-0.0006,0,13.9,,,0,1.24,,,0,263.9785,1.0488,-1.0488,0,0.8306,0.0033,-0.0033,0,Mass,0,0.01,-0.01,0,,,,,700,,,0,0,K0 IV-V,5172,18,-18,0,0.94,0.01,-0.01,0,0.91,0.02,-0.02,0,0.35,0.1,-0.1,0,[Fe/H],4.43,0.02,-0.02,0,08h52m35.24s,133.1468373,+28d19m47.34s,28.3298154,12.5855,0.0124,-0.0123,5.95084,0.023,-0.023,4.015,0.036,-0.036,5.72973,0.0008523,-0.0008523
,,,,,,,,,,,,,,,,,,,,,,,,,,,,,,,,,,,,,,,,,,,,,,,,,,,,,,,,,,,,,,,,,,,,,,,,,,,,,,,,,,,,,,,,,,,,,,,,
DENIS-P J082303.1-491201 b,DENIS-P J082303.1-491201,1,1,Astrometry,2013,Paranal Observatory,0,246.36,93.8,-88.6,0,5.957,0.074,-0.071,0,13,,,0,1.16,,,0,1232.493,21.612,-21.612,0,3.878,0.068,-0.068,0,Mass,0.13,0.02,-0.02,0,,,,,,,,,0,G8 V,5172,18,-18,0,0.94,0.01,-0.01,0,0.91,0.02,-0.02,0,0.35,0.1,-0.1,0,[Fe/H],4.43,0.02,-0.02,0,08h52m35.24s,133.1468373,+28d19m47.34s,28.3298154,12.5855,0.0124,-0.0123,5.95084,0.023,-0.023,4.015,0.036,-0.036,5.72973,0.0008523,-0.0008523,,,,,,,,,,,,,
,,,,,,,,,,,,,,,,,,,,,,,,,,,,,,,,,,,,,,,,,,,,,,,,,,,,,,,,,,,,,,,,,,,,,,,,,,,,,,,,,,,,,,,,,,,,,,,,
HATS-41 b,2406,9.7 Jupiters,12.678,2018,https://exoplanets.nasa.gov/exoplanet-catalog/6284/hats-41-b/,Gas Giant,2018,9.7 Jupiters,1.33 x Jupiter,0.0583 AU,4.2 days,0.38,DH Tau b,DH Tau,1,1,Imaging,2004,Subaru Telescope,0,,0.0000013,-0.0000014,0,0.01544,0.00005,-0.00005,0,1.875,0.029,-0.029,0,0.167,0.003,-0.003,0,7.99,0.32,-0.33,0,0.02514,0.00101,-0.00104,0,Mass,0.05,0.03,-0.03,0,2657.83,,,0,1958,15,-15,0,0,G8 V,5172,18,-18,0,0.94,0.01,-0.01,0,0.91,0.02,-0.02,0,0.35,0.1,-0.1,0,[Fe/H],4.43,0.02,-0.02,0,08h52m35.24s,133.1468373,+28d19m47.34s,28.3298154,12.5855,0.0124,-0.0123,5.95084,0.023,-0.023,4.015,0.036,-0.036,5.72973,0.0008523,-0.0008523
,,,,,,,,,,,,,,,,,,,,,,,,,,,,,,,,,,,,,,,,,,,,,,,,,,,,,,,,,,,,,,,,,,,,,,,,,,,,,,,,,,,,,,,,,,,,,,,,
DMPP-1 b,DMPP-1,1,4,Radial Velocity,2019,La Silla Observatory,0,18.57,0.29,-0.29,0,0.7708,0.0043,-0.0044,0,7.59,,,0,0.677,,,0,44.812,3.814,-3.814,0,0.141,0.012,-0.012,0,Mass,0.08,0.05,-0.04,0,,,,,,,,,0,G8V,5172,18,-18,0,0.94,0.01,-0.01,0,0.91,0.02,-0.02,0,0.35,0.1,-0.1,0,[Fe/H],4.43,0.02,-0.02,0,08h52m35.24s,133.1468373,+28d19m47.34s,28.3298154,12.5855,0.0124,-0.0123,5.95084,0.023,-0.023,4.015,0.036,-0.036,5.72973,0.0008523,-0.0008523,,,,,,,,,,,,,
,,,,,,,,,,,,,,,,,,,,,,,,,,,,,,,,,,,,,,,,,,,,,,,,,,,,,,,,,,,,,,,,,,,,,,,,,,,,,,,,,,,,,,,,,,,,,,,,
HATS-42 b,2611,1.88 Jupiters,13.682,2018,https://exoplanets.nasa.gov/exoplanet-catalog/6285/hats-42-b/,Gas Giant,2018,1.88 Jupiters,1.4 x Jupiter,0.03689 AU,2.3 days,< 0.229,DMPP-1 c,DMPP-1,1,4,Radial Velocity,2019,La Silla Observatory,0,6.584,8.6,-8.6,0,2.11,0.11,-0.11,0,13.4,,,0,1.19,,,0,638.8383,24.47291,-24.47291,0,2.01,0.077,-0.077,0,Msini,0.073,0.036,-0.036,0,,,,,,,,,0,K0 IV,4938,,,0,5.2,,,0,1.44,,,0,-0.13,0.02,-0.02,0,[Fe/H],3.19,,,0,06h30m47.05s,97.6960311,+58d09m40.23s,58.1611753,54.6599,0.2734,-0.2734,5.87307,0.023,-0.023,3.701,0.3,-0.3,5.60686,0.001085,-0.001085
,,,,,,,,,,,,,,,,,,,,,,,,,,,,,,,,,,,,,,,,,,,,,,,,,,,,,,,,,,,,,,,,,,,,,,,,,,,,,,,,,,,,,,,,,,,,,,,,
DMPP-1 d,DMPP-1,1,4,Radial Velocity,2019,La Silla Observatory,0,2.882,0.0006,-0.0006,0,0.050201,0.000005,-0.000005,0,2.11,,,0,0.188,,,0,5.1,0.5,-0.5,0,0.016,0.002,-0.002,0,Msini,0.12,0.11,-0.11,0,,,,,,,,,0,G5 V,5577,33,-33,0,0.96,0.01,-0.01,0,0.94,0.03,-0.03,0,-0.01,,,0,[Fe/H],4.34,0.03,-0.03,0,13h18m23.15s,199.596455,-18d18m56.79s,-18.3157745,8.50332,0.01737,-0.0173,4.6955,0.0462,-0.0462,2.956,0.236,-0.236,4.54052,0.0055701,-0.0055701,,,,,,,,,,,,,
,,,,,,,,,,,,,,,,,,,,,,,,,,,,,,,,,,,,,,,,,,,,,,,,,,,,,,,,,,,,,,,,,,,,,,,,,,,,,,,,,,,,,,,,,,,,,,,,
HATS-43 b,1182,0.261 Jupiters,13.562,2018,https://exoplanets.nasa.gov/exoplanet-catalog/6298/hats-43-b/,Gas Giant,2018,0.261 Jupiters,1.18 x Jupiter,0.04944 AU,4.4 days,0.17,DMPP-1 e,DMPP-1,1,4,Radial Velocity,2019,La Silla Observatory,0,5.516,0.034,-0.034,0,0.2175,0.0001,-0.0001,0,4.46,,,0,0.398,,,0,18.2,1.1,-1.1,0,0.057,0.003,-0.003,0,Msini,0.14,0.06,-0.06,0,,,,,,,,,0,G5 V,5577,33,-33,0,0.96,0.01,-0.01,0,0.94,0.03,-0.03,0,-0.01,,,0,[Fe/H],4.34,0.03,-0.03,0,13h18m23.15s,199.596455,-18d18m56.79s,-18.3157745,8.50332,0.01737,-0.0173,4.6955,0.0462,-0.0462,2.956,0.236,-0.236,4.54052,0.0055701,-0.0055701
,,,,,,,,,,,,,,,,,,,,,,,,,,,,,,,,,,,,,,,,,,,,,,,,,,,,,,,,,,,,,,,,,,,,,,,,,,,,,,,,,,,,,,,,,,,,,,,,
DMPP-2 b,DMPP-2,1,1,Radial Velocity,2019,Multiple Facilities,0,5.2072,0.55,-0.55,0,0.476,0.001,-0.001,0,5.11,,,0,0.456,,,0,22.9,2.6,-2.6,0,0.072,0.008,-0.008,0,Msini,0.35,0.09,-0.09,0,,,,,,,,,0,G5 V,5577,33,-33,0,0.96,0.01,-0.01,0,0.94,0.03,-0.03,0,-0.01,,,0,[Fe/H],4.34,0.03,-0.03,0,13h18m23.15s,199.596455,-18d18m56.79s,-18.3157745,8.50332,0.01737,-0.0173,4.6955,0.0462,-0.0462,2.956,0.236,-0.236,4.54052,0.0055701,-0.0055701,,,,,,,,,,,,,
,,,,,,,,,,,,,,,,,,,,,,,,,,,,,,,,,,,,,,,,,,,,,,,,,,,,,,,,,,,,,,,,,,,,,,,,,,,,,,,,,,,,,,,,,,,,,,,,
HATS-44 b,1455,0.56 Jupiters,14.397,2018,https://exoplanets.nasa.gov/exoplanet-catalog/6299/hats-44-b/,Gas Giant,2018,0.56 Jupiters,1.067 x Jupiter,0.03649 AU,2.7 days,< 0.279,EPIC 201170410.02,EPIC 201170410,1,1,Transit,2020,K2,0,6.7987,3.6,-3.6,0,2.1,,,0,13.1,,,0,1.17,,,0,953.49,,,0,3,,,0,Msini,0.117,0.048,-0.048,0,,,,,,,,,0,G3 III,4846,18,-18,0,10.5,1,-1,0,2.49,0.02,-0.27,0,0,0.04,-0.04,0,[Fe/H],2.63,0.05,-0.05,0,02h32m09.40s,38.0391598,-01d02m06.10s,-1.0350269,82.9613,0.72365,-0.72365,5.3532,0.023,-0.023,3.207,0.272,-0.272,5.09343,0.0039324,-0.0039324
,,,,,,,,,,,,,,,,,,,,,,,,,,,,,,,,,,,,,,,,,,,,,,,,,,,,,,,,,,,,,,,,,,,,,,,,,,,,,,,,,,,,,,,,,,,,,,,,
EPIC 201238110 b,EPIC 201238110,1,1,Transit,2019,K2,0,28.1656,4.5,-4.5,0,0.49,0.02,-0.02,0,13.6,,,0,1.22,,,0,416.3573,50.8528,-50.8528,0,1.31,0.16,-0.16,0,Msini,0.06,0.09,-0.09,0,,,,,,,,,0,K0,4847,7,-7,0,10.3,0.57,-0.57,0,1.44,0.19,-0.19,0,-0.03,,,0,[Fe/H],2.57,0.03,-0.03,0,14h56m48.40s,224.201685,+74d54m03.38s,74.9009379,162.552,0.651,-0.646,6.83295,0.023,-0.023,4.515,0.02,-0.02,6.55896,0.000237,-0.000237,,,,,,,,,,,,,
,,,,,,,,,,,,,,,,,,,,,,,,,,,,,,,,,,,,,,,,,,,,,,,,,,,,,,,,,,,,,,,,,,,,,,,,,,,,,,,,,,,,,,,,,,,,,,,,
HATS-45 b,2519,0.7 Jupiters,13.325,2018,https://exoplanets.nasa.gov/exoplanet-catalog/6300/hats-45-b/,Gas Giant,2018,0.7 Jupiters,1.286 x Jupiter,0.05511 AU,4.2 days,< 0.24,EPIC 201427007 b,EPIC 201427007,1,1,Transit,2021,K2,0,0.72091,8.8,-8.8,0,2.5,,,0,12.8,,,0,1.14,,,0,1684.4,,,0,5.3,,,0,Msini,0.206,0.029,-0.029,0,,,,,,,,,0,G5 III,4785,25,-25,0,11,2,-1,0,2.4,0.1,-0.4,0,-0.06,0.03,-0.03,0,[Fe/H],2.35,0.08,-0.08,0,02h37m41.85s,39.4243555,-03d23m46.90s,-3.3963607,101.26,1.222,-1.222,5.64307,0.023,-0.023,3.266,0.258,-0.258,5.37588,0.0031065,-0.0031065
,,,,,,,,,,,,,,,,,,,,,,,,,,,,,,,,,,,,,,,,,,,,,,,,,,,,,,,,,,,,,,,,,,,,,,,,,,,,,,,,,,,,,,,,,,,,,,,,
EPIC 201497682 b,EPIC 201497682,1,1,Transit,2019,K2,0,2.13174,0.1,-0.1,0,0.7,,,0,13.1,,,0,1.17,,,0,1017,,,0,3.2,,,0,Msini,0.027,0.026,-0.026,0,,,,,,,,,0,K0 III,4665,18,-18,0,11,0.1,-0.1,0,1.4,0.1,-0.1,0,-0.03,0.1,-0.1,0,[Fe/H],2.52,0.05,-0.05,0,23h15m53.88s,348.9745031,-09d05m16.11s,-9.0878076,44.0304,0.51325,-0.51325,4.23946,0.023,-0.023,1.597,0.236,-0.236,3.95311,0.008843,-0.008843,,,,,,,,,,,,,
,,,,,,,,,,,,,,,,,,,,,,,,,,,,,,,,,,,,,,,,,,,,,,,,,,,,,,,,,,,,,,,,,,,,,,,,,,,,,,,,,,,,,,,,,,,,,,,,
HATS-47 b,981,0.369 Jupiters,14.602,2020,https://exoplanets.nasa.gov/exoplanet-catalog/7594/hats-47-b/,Gas Giant,2020,0.369 Jupiters,1.117 x Jupiter,0.04269 AU,3.9 days,< 0.088,EPIC 201595106 b,EPIC 201595106,1,1,Transit,2021,K2,0,0.877214,,,,93.9,49.3,-49.3,0,12.5,,,0,1.12,,,0,2860.45566,,,0,9,,,0,Mass,0.4,0.2,-0.21,0,,,,,,,,,0,,9770,100,-100,0,2.96,0.1,-0.07,0,2.4,0.2,-0.2,0,,,,,,3.77,0.09,-0.07,0,04h55m45.85s,73.9410446,+30d33m03.92s,30.5510888,162.127,1.526,-1.498,7.076,0.042,-0.042,4.23,0.016,-0.016,7.07854,0.001049,-0.001049
,,,,,,,,,,,,,,,,,,,,,,,,,,,,,,,,,,,,,,,,,,,,,,,,,,,,,,,,,,,,,,,,,,,,,,,,,,,,,,,,,,,,,,,,,,,,,,,,
EPIC 201615463 c,K2-166,1,2,Transit,2019,K2,0,3.80464,,,,260,,,0,12.3,,,0,1.1,,,0,4290.5,158.9,-158.9,0,13.5,0.5,-0.5,0,Mass,,,,,,,,,,,,,0,K2 V,5285,10,-9,0,1,0.03,-0.02,0,0.9,0.1,-0.1,0,0.04,0.02,-0.02,0,[Fe/H],4.53,0.01,-0.01,0,06h19m12.94s,94.8039208,-58d03m14.83s,-58.0541184,50.0475,0.0735,-0.0733,9.13,0.03,-0.03,6.981,0.024,-0.024,8.8378,0.001332,-0.001332,,,,,,,,,,,,,
